Student ID,M,Tu,W,Th,F
1,Car,Car,Car,Car,Bycycle
2,Bicycle,Bicycle,Bicycle,Walk,Walk
3,Car,Bicycle,Carr,Walk,Car
4,Scooter,Scooter,Scootr,Scooter,Scoter
5,Bycycle,Carr,Scoter,Walkk,Scoter
6,Car,Car,Car,Car,Car
7,Walk,Walk,Wallk,Walk,WAlk
8,Car,Walk,Bicycle,Walk,Walk
9,Aeroplane,Aeroplane,Aeroplane,Aeroplane,Aeroplane
10,Car,Walk,Car,Walk,Car
11,Helicopter,Car,Car,Car,Bicycle
12,Car,Car,Car,Car,Bycycle
13,Bicycle,Bicycle,Bicycle,Walk,Walk
14,Car,Bicycle,Carr,Walk,Car
15,Scooter,Scooter,Scootr,Scooter,Scoter
16,Bycycle,Carr,Scoter,Walkk,Scoter
17,Car,Car,Car,Car,Car
18,Walk,Walk,Wallk,Walk,WAlk
19,Car,Walk,Bicycle,Walk,Walk
20,Bicycle,Bicycle,Bicycle,Bicycle,Bicycle
21,Walk,Walkk,Walk,Walk,Walkk
22,Car,Car,Car,Car,Van
23,Van,Van,Van,Car,Mum's Shoulders
24,Car,Car,Car,Car,Bycycle
25,Bicycle,Bicycle,Bicycle,Walk,Walk
26,Car,Bicycle,Carr,Walk,Car
27,Scooter,Scooter,Scootr,Scooter,Scoter
28,Bycycle,Carr,Scoter,Walkk,Scoter
29,Car,Car,Car,Car,Car
30,Walk,Walk,Wallk,Walk,WAlk
31,Car,Walk,Bicycle,Walk,Walk
32,Helicopter,Car,Car,Helicopeter,Car
33,Car,Walk,Car,Walk,Car
34,Helicopter,Car,Car,Car,Bicycle
35,Car,Car,Car,Car,Bycycle
36,Bicycle,Bicycle,Bicycle,Walk,Walk
37,Car,Bicycle,Carr,Walk,Car
38,Scooter,Scooter,Scootr,Scooter,Scoter
39,Bycycle,Carr,Scoter,Walkk,Scoter
40,Car,Car,Car,Car,Car
41,Walk,Walk,Wallk,Walk,WAlk
42,Car,Walk,Bicycle,Walk,Walk
43,Bicycle,Bicycle,Bicycle,Bicycle,Bicycle
44,Walk,Walkk,Walk,Walk,Walkk
45,Car,Car,Car,Car,Van
46,Van,Van,Van,Car,Mum's Shoulders
47,Walk,Dad's Shoulders,Walk,Bicycle,Waalk
48,Car,Walk,Car,Walk,Car
49,Helicopter,Car,Car,Car,Bicycle
50,Car,Car,Car,Car,Bycycle
51,Bicycle,Bicycle,Bicycle,Walk,Walk
52,Car,Bicycle,Carr,Walk,Car
53,Scooter,Scooter,Scootr,Scooter,Scoter
54,Bycycle,Carr,Scoter,Walkk,Scoter
55,Car,Car,Car,Car,Car
56,Walk,Walk,Wallk,Walk,WAlk
57,Car,Walk,Bicycle,Walk,Walk
58,Bicycle,Bicycle,Bicycle,Bicycle,Bicycle
59,Walk,Walkk,Walk,Walk,Walkk
60,Car,Car,Car,Car,Van
61,Van,Van,Mum's Shoulders,Car,Car
62,Car,Car,Car,Car,Bycycle
63,Bicycle,Bicycle,Bicycle,Walk,Walk
64,Car,Bicycle,Carr,Walk,Car
65,Scooter,Scooter,Scootr,Scooter,Scoter
66,Bycycle,Carr,Scoter,Walkk,Scoter
67,Car,Car,Car,Car,Car
68,Walk,Walk,Wallk,Walk,WAlk
69,Car,Walk,Bicycle,Walk,Walk
70,Helicopter,Car,Car,Helicopeter,Car
71,Car,Walk,Car,Walk,Car
72,Helicopter,Car,Car,Car,Bicycle
73,Car,Car,Car,Car,Bycycle
74,Bicycle,Bicycle,Bicycle,Walk,Walk
75,Car,Bicycle,Carr,Walk,Car
76,Scooter,Scooter,Scootr,Scooter,Scoter
77,Bycycle,Carr,Scoter,Walkk,Scoter
78,Car,Car,Car,Car,Car
79,Walk,Walk,Wallk,Walk,WAlk
80,Car,Walk,Bicycle,Walk,Walk
81,Bicycle,Bicycle,Bicycle,Bicycle,Bicycle
82,Walk,Walkk,Walk,Walk,Walkk
83,Car,Car,Car,Car,Van
84,Mum's Shoulders,Van,Van,Car,Walk
85,Walk,Bicycle,Walk,Dad's Shoulders,Waalk
86,Car,Bicycle,Carr,Walk,Car
87,Scooter,Scooter,Scootr,Scooter,Scoter
88,Bycycle,Carr,Scoter,Walkk,Scoter
89,Car,Car,Car,Car,Car
90,Walk,Walk,Wallk,Walk,WAlk
91,Car,Walk,Bicycle,Walk,Walk
92,Helicopter,Car,Car,Helicopeter,Car
93,Car,Walk,Car,Walk,Car
94,Helicopter,Car,Car,Car,Bicycle
95,Car,Car,Car,Car,Bycycle
96,Bicycle,Bicycle,Bicycle,Walk,Walk
97,Car,Bicycle,Carr,Walk,Car
98,Scooter,Scooter,Scootr,Scooter,Scoter
99,Bycycle,Carr,Scoter,Walkk,Scoter
100,Car,Car,Car,Car,Car
101,Walk,Walk,Wallk,Walk,WAlk
102,Car,Walk,Bicycle,Walk,Walk
103,Bicycle,Bicycle,Bicycle,Bicycle,Bicycle
104,Walk,Walkk,Walk,Walk,Walkk
105,Car,Car,Car,Car,Van
106,Van,Van,Van,Car,Mum's Shoulders
107,Walk,Dad's Shoulders,Walk,Bicycle,Waalk
108,Car,Walk,Car,Walk,Car
109,Helicopter,Car,Car,Car,Bicycle
110,Car,Car,Car,Car,Bycycle
111,Bicycle,Bicycle,Bicycle,Walk,Walk
112,Car,Bicycle,Carr,Walk,Car
113,Scooter,Scooter,Scootr,Scooter,Scoter
114,Bycycle,Carr,Scoter,Walkk,Scoter
115,Car,Car,Car,Car,Car
116,Walk,Walk,Wallk,Walk,WAlk
117,Car,Walk,Bicycle,Walk,Walk
118,Bicycle,Bicycle,Bicycle,Bicycle,Bicycle
119,Walk,Walkk,Walk,Walk,Walkk
120,Car,Car,Car,Car,Van
121,Van,Van,Mum's Shoulders,Car,Car
122,Car,Car,Car,Car,Bycycle
123,Bicycle,Bicycle,Bicycle,Walk,Walk
124,Car,Bicycle,Carr,Walk,Car
125,Scooter,Scooter,Scootr,Scooter,Scoter
126,Bycycle,Carr,Scoter,Walkk,Scoter
127,Car,Car,Car,Car,Car
128,Walk,Walk,Wallk,Walk,WAlk
129,Car,Walk,Bicycle,Walk,Walk
130,Helicopter,Car,Car,Helicopeter,Car
131,Car,Walk,Car,Walk,Car
132,Helicopter,Car,Car,Car,Bicycle
133,Car,Car,Car,Car,Bycycle
134,Bicycle,Bicycle,Bicycle,Walk,Walk
135,Car,Bicycle,Carr,Walk,Car
136,Scooter,Scooter,Scootr,Scooter,Scoter
137,Bycycle,Carr,Scoter,Walkk,Scoter
138,Car,Car,Car,Car,Car
139,Walk,Walk,Wallk,Walk,WAlk
140,Car,Walk,Bicycle,Walk,Walk
141,Bicycle,Bicycle,Bicycle,Bicycle,Bicycle
142,Walk,Walkk,Walk,Walk,Walkk
143,Car,Car,Car,Car,Van
144,Mum's Shoulders,Van,Van,Car,Walk
145,Walk,Bicycle,Walk,Dad's Shoulders,Waalk
146,Hopped,Skipped,Jumped,Walk,Walk
147,Car,Car,Car,Car,Bycycle
148,Bicycle,Bicycle,Bicycle,Walk,Walk
149,Car,Bicycle,Carr,Walk,Car
150,Scooter,Scooter,Scootr,Scooter,Scoter
151,Bycycle,Carr,Scoter,Walkk,Scoter
152,Car,Car,Car,Car,Car
153,Walk,Walk,Wallk,Walk,WAlk
154,Car,Walk,Bicycle,Walk,Walk
155,Aeroplane,Aeroplane,Aeroplane,Aeroplane,Aeroplane
156,Car,Walk,Car,Walk,Car
157,Helicopter,Car,Car,Car,Bicycle
158,Car,Car,Car,Car,Bycycle
159,Bicycle,Bicycle,Bicycle,Walk,Walk
160,Car,Bicycle,Carr,Walk,Car
161,Scooter,Scooter,Scootr,Scooter,Scoter
162,Bycycle,Carr,Scoter,Walkk,Scoter
163,Car,Car,Car,Car,Car
164,Walk,Walk,Wallk,Walk,WAlk
165,Car,Walk,Bicycle,Walk,Walk
166,Bicycle,Bicycle,Bicycle,Bicycle,Bicycle
167,Walk,Walkk,Walk,Walk,Walkk
168,Car,Car,Car,Car,Van
169,Van,Van,Van,Car,Mum's Shoulders
170,Car,Car,Car,Car,Bycycle
171,Bicycle,Bicycle,Bicycle,Walk,Walk
172,Car,Bicycle,Carr,Walk,Car
173,Scooter,Scooter,Scootr,Scooter,Scoter
174,Bycycle,Carr,Scoter,Walkk,Scoter
175,Car,Car,Car,Car,Car
176,Walk,Walk,Wallk,Walk,WAlk
177,Car,Walk,Bicycle,Walk,Walk
178,Helicopter,Car,Car,Helicopeter,Car
179,Car,Walk,Car,Walk,Car
180,Helicopter,Car,Car,Car,Bicycle
181,Car,Car,Car,Car,Bycycle
182,Bicycle,Bicycle,Bicycle,Walk,Walk
183,Car,Bicycle,Carr,Walk,Car
184,Scooter,Scooter,Scootr,Scooter,Scoter
185,Bycycle,Carr,Scoter,Walkk,Scoter
186,Car,Car,Car,Car,Car
187,Walk,Walk,Wallk,Walk,WAlk
188,Car,Walk,Bicycle,Walk,Walk
189,Bicycle,Bicycle,Bicycle,Bicycle,Bicycle
190,Walk,Walkk,Walk,Walk,Walkk
191,Car,Car,Car,Car,Van
192,Van,Van,Van,Car,Mum's Shoulders
193,Walk,Dad's Shoulders,Walk,Bicycle,Waalk
194,Car,Walk,Car,Walk,Car
195,Helicopter,Car,Car,Car,Bicycle
196,Car,Car,Car,Car,Bycycle
197,Bicycle,Bicycle,Bicycle,Walk,Walk
198,Car,Bicycle,Carr,Walk,Car
199,Scooter,Scooter,Scootr,Scooter,Scoter
200,Bycycle,Carr,Scoter,Walkk,Scoter
201,Car,Car,Car,Car,Car
202,Walk,Walk,Wallk,Walk,WAlk
203,Car,Walk,Bicycle,Walk,Walk
204,Bicycle,Bicycle,Bicycle,Bicycle,Bicycle
205,Walk,Walkk,Walk,Walk,Walkk
206,Car,Car,Car,Car,Van
207,Van,Van,Mum's Shoulders,Car,Car
208,Car,Car,Car,Car,Bycycle
209,Bicycle,Bicycle,Bicycle,Walk,Walk
210,Car,Bicycle,Carr,Walk,Car
211,Scooter,Scooter,Scootr,Scooter,Scoter
212,Bycycle,Carr,Scoter,Walkk,Scoter
213,Car,Car,Car,Car,Car
214,Walk,Walk,Wallk,Walk,WAlk
215,Car,Walk,Bicycle,Walk,Walk
216,Helicopter,Car,Car,Helicopeter,Car
217,Car,Walk,Car,Walk,Car
218,Helicopter,Car,Car,Car,Bicycle
219,Car,Car,Car,Car,Bycycle
220,Bicycle,Bicycle,Bicycle,Walk,Walk
221,Car,Bicycle,Carr,Walk,Car
222,Scooter,Scooter,Scootr,Scooter,Scoter
223,Bycycle,Carr,Scoter,Walkk,Scoter
224,Car,Car,Car,Car,Car
225,Walk,Walk,Wallk,Walk,WAlk
226,Car,Walk,Bicycle,Walk,Walk
227,Bicycle,Bicycle,Bicycle,Bicycle,Bicycle
228,Walk,Walkk,Walk,Walk,Walkk
229,Car,Car,Car,Car,Van
230,Mum's Shoulders,Van,Van,Car,Walk
231,Walk,Bicycle,Walk,Dad's Shoulders,Waalk
232,Car,Bicycle,Carr,Walk,Car
233,Scooter,Scooter,Scootr,Scooter,Scoter
234,Bycycle,Carr,Scoter,Walkk,Scoter
235,Car,Car,Car,Car,Car
236,Walk,Walk,Wallk,Walk,WAlk
237,Car,Walk,Bicycle,Walk,Walk
238,Helicopter,Car,Car,Helicopeter,Car
239,Car,Walk,Car,Walk,Car
240,Helicopter,Car,Car,Car,Bicycle
241,Car,Car,Car,Car,Bycycle
242,Bicycle,Bicycle,Bicycle,Walk,Walk
243,Car,Bicycle,Carr,Walk,Car
244,Scooter,Scooter,Scootr,Scooter,Scoter
245,Bycycle,Carr,Scoter,Walkk,Scoter
246,Car,Car,Car,Car,Car
247,Walk,Walk,Wallk,Walk,WAlk
248,Car,Walk,Bicycle,Walk,Walk
249,Bicycle,Bicycle,Bicycle,Bicycle,Bicycle
250,Walk,Walkk,Walk,Walk,Walkk
251,Car,Car,Car,Car,Van
252,Van,Van,Van,Car,Mum's Shoulders
253,Walk,Dad's Shoulders,Walk,Bicycle,Waalk
254,Car,Walk,Car,Walk,Car
255,Helicopter,Car,Car,Car,Bicycle
256,Car,Car,Car,Car,Bycycle
257,Bicycle,Bicycle,Bicycle,Walk,Walk
258,Car,Bicycle,Carr,Walk,Car
259,Scooter,Scooter,Scootr,Scooter,Scoter
260,Bycycle,Carr,Scoter,Walkk,Scoter
261,Car,Car,Car,Car,Car
262,Walk,Walk,Wallk,Walk,WAlk
263,Car,Walk,Bicycle,Walk,Walk
264,Bicycle,Bicycle,Bicycle,Bicycle,Bicycle
265,Walk,Walkk,Walk,Walk,Walkk
266,Car,Car,Car,Car,Van
267,Van,Van,Mum's Shoulders,Car,Car
268,Car,Car,Car,Car,Bycycle
269,Bicycle,Bicycle,Bicycle,Walk,Walk
270,Car,Bicycle,Carr,Walk,Car
271,Scooter,Scooter,Scootr,Scooter,Scoter
272,Bycycle,Carr,Scoter,Walkk,Scoter
273,Car,Car,Car,Car,Car
274,Walk,Walk,Wallk,Walk,WAlk
275,Car,Car,Car,Car,Bycycle
276,Bicycle,Bicycle,Bicycle,Walk,Walk
277,Car,Bicycle,Carr,Walk,Car
278,Scooter,Scooter,Scootr,Scooter,Scoter
279,Bycycle,Carr,Scoter,Walkk,Scoter
280,Car,Car,Car,Car,Car
281,Walk,Walk,Wallk,Walk,WAlk
282,Car,Walk,Bicycle,Walk,Walk
283,Aeroplane,Aeroplane,Aeroplane,Aeroplane,Aeroplane
284,Car,Walk,Car,Walk,Car
285,Helicopter,Car,Car,Car,Bicycle
286,Car,Car,Car,Car,Bycycle
287,Bicycle,Bicycle,Bicycle,Walk,Walk
288,Car,Bicycle,Carr,Walk,Car
289,Scooter,Scooter,Scootr,Scooter,Scoter
290,Bycycle,Carr,Scoter,Walkk,Scoter
291,Car,Car,Car,Car,Car
292,Walk,Walk,Wallk,Walk,WAlk
293,Car,Walk,Bicycle,Walk,Walk
294,Bicycle,Bicycle,Bicycle,Bicycle,Bicycle
295,Walk,Walkk,Walk,Walk,Walkk
296,Car,Car,Car,Car,Van
297,Van,Van,Van,Car,Mum's Shoulders
298,Car,Car,Car,Car,Bycycle
299,Bicycle,Bicycle,Bicycle,Walk,Walk
300,Car,Bicycle,Carr,Walk,Car
301,Scooter,Scooter,Scootr,Scooter,Scoter
302,Bycycle,Carr,Scoter,Walkk,Scoter
303,Car,Car,Car,Car,Car
304,Walk,Walk,Wallk,Walk,WAlk
305,Car,Walk,Bicycle,Walk,Walk
306,Helicopter,Car,Car,Helicopeter,Car
307,Car,Walk,Car,Walk,Car
308,Helicopter,Car,Car,Car,Bicycle
309,Car,Car,Car,Car,Bycycle
310,Bicycle,Bicycle,Bicycle,Walk,Walk
311,Car,Bicycle,Carr,Walk,Car
312,Scooter,Scooter,Scootr,Scooter,Scoter
313,Bycycle,Carr,Scoter,Walkk,Scoter
314,Car,Car,Car,Car,Car
315,Walk,Walk,Wallk,Walk,WAlk
316,Car,Walk,Bicycle,Walk,Walk
317,Bicycle,Bicycle,Bicycle,Bicycle,Bicycle
318,Walk,Walkk,Walk,Walk,Walkk
319,Car,Car,Car,Car,Van
320,Van,Van,Van,Car,Mum's Shoulders
321,Walk,Dad's Shoulders,Walk,Bicycle,Waalk
322,Car,Walk,Car,Walk,Car
323,Helicopter,Car,Car,Car,Bicycle
324,Car,Car,Car,Car,Bycycle
325,Bicycle,Bicycle,Bicycle,Walk,Walk
326,Car,Bicycle,Carr,Walk,Car
327,Scooter,Scooter,Scootr,Scooter,Scoter
328,Bycycle,Carr,Scoter,Walkk,Scoter
329,Car,Car,Car,Car,Car
330,Walk,Walk,Wallk,Walk,WAlk
331,Car,Walk,Bicycle,Walk,Walk
332,Bicycle,Bicycle,Bicycle,Bicycle,Bicycle
333,Walk,Walkk,Walk,Walk,Walkk
334,Car,Car,Car,Car,Van
335,Van,Van,Mum's Shoulders,Car,Car
336,Car,Car,Car,Car,Bycycle
337,Bicycle,Bicycle,Bicycle,Walk,Walk
338,Car,Bicycle,Carr,Walk,Car
339,Scooter,Scooter,Scootr,Scooter,Scoter
340,Bycycle,Carr,Scoter,Walkk,Scoter
341,Car,Car,Car,Car,Car
342,Walk,Walk,Wallk,Walk,WAlk
343,Car,Walk,Bicycle,Walk,Walk
344,Car,Car,Car,Car,Bycycle
345,Bicycle,Bicycle,Bicycle,Walk,Walk
346,Car,Bicycle,Carr,Walk,Car
347,Scooter,Scooter,Scootr,Scooter,Scoter
348,Bycycle,Carr,Scoter,Walkk,Scoter
349,Car,Car,Car,Car,Car
350,Walk,Walk,Wallk,Walk,WAlk
351,Car,Walk,Bicycle,Walk,Walk
352,Aeroplane,Aeroplane,Aeroplane,Aeroplane,Aeroplane
353,Car,Walk,Car,Walk,Car
354,Helicopter,Car,Car,Car,Bicycle
355,Car,Car,Car,Car,Bycycle
356,Bicycle,Bicycle,Bicycle,Walk,Walk
357,Car,Bicycle,Carr,Walk,Car
358,Scooter,Scooter,Scootr,Scooter,Scoter
359,Bycycle,Carr,Scoter,Walkk,Scoter
360,Car,Car,Car,Car,Car
361,Walk,Walk,Wallk,Walk,WAlk
362,Car,Walk,Bicycle,Walk,Walk
363,Bicycle,Bicycle,Bicycle,Bicycle,Bicycle
364,Walk,Walkk,Walk,Walk,Walkk
365,Car,Car,Car,Car,Van
366,Van,Van,Van,Car,Mum's Shoulders
367,Car,Car,Car,Car,Bycycle
368,Bicycle,Bicycle,Bicycle,Walk,Walk
369,Car,Bicycle,Carr,Walk,Car
370,Scooter,Scooter,Scootr,Scooter,Scoter
371,Bycycle,Carr,Scoter,Walkk,Scoter
372,Car,Car,Car,Car,Car
373,Walk,Walk,Wallk,Walk,WAlk
374,Car,Walk,Bicycle,Walk,Walk
375,Helicopter,Car,Car,Helicopeter,Car
376,Car,Walk,Car,Walk,Car
377,Helicopter,Car,Car,Car,Bicycle
378,Car,Car,Car,Car,Bycycle
379,Bicycle,Bicycle,Bicycle,Walk,Walk
380,Car,Bicycle,Carr,Walk,Car
381,Scooter,Scooter,Scootr,Scooter,Scoter
382,Bycycle,Carr,Scoter,Walkk,Scoter
383,Car,Car,Car,Car,Car
384,Walk,Walk,Wallk,Walk,WAlk
385,Car,Walk,Bicycle,Walk,Walk
386,Bicycle,Bicycle,Bicycle,Bicycle,Bicycle
387,Walk,Walkk,Walk,Walk,Walkk
388,Car,Car,Car,Car,Van
389,Van,Van,Van,Car,Mum's Shoulders
390,Walk,Dad's Shoulders,Walk,Bicycle,Waalk
391,Car,Walk,Car,Walk,Car
392,Helicopter,Car,Car,Car,Bicycle
393,Car,Car,Car,Car,Bycycle
394,Bicycle,Bicycle,Bicycle,Walk,Walk
395,Car,Bicycle,Carr,Walk,Car
396,Scooter,Scooter,Scootr,Scooter,Scoter
397,Bycycle,Carr,Scoter,Walkk,Scoter
398,Car,Car,Car,Car,Car
399,Walk,Walk,Wallk,Walk,WAlk
400,Car,Walk,Bicycle,Walk,Walk
401,Bicycle,Bicycle,Bicycle,Bicycle,Bicycle
402,Walk,Walkk,Walk,Walk,Walkk
403,Car,Car,Car,Car,Van
404,Van,Van,Mum's Shoulders,Car,Car
405,Car,Car,Car,Car,Bycycle
406,Bicycle,Bicycle,Bicycle,Walk,Walk
407,Car,Bicycle,Carr,Walk,Car
408,Scooter,Scooter,Scootr,Scooter,Scoter
409,Bycycle,Carr,Scoter,Walkk,Scoter
410,Car,Car,Car,Car,Car
411,Walk,Walk,Wallk,Walk,WAlk
412,Car,Walk,Bicycle,Walk,Walk
413,Helicopter,Car,Car,Helicopeter,Car
414,Car,Walk,Car,Walk,Car
415,Helicopter,Car,Car,Car,Bicycle
416,Car,Car,Car,Car,Bycycle
417,Bicycle,Bicycle,Bicycle,Walk,Walk
418,Car,Bicycle,Carr,Walk,Car
419,Scooter,Scooter,Scootr,Scooter,Scoter
420,Bycycle,Carr,Scoter,Walkk,Scoter
421,Car,Car,Car,Car,Car
422,Walk,Walk,Wallk,Walk,WAlk
423,Car,Walk,Bicycle,Walk,Walk
424,Bicycle,Bicycle,Bicycle,Bicycle,Bicycle
425,Walk,Walkk,Walk,Walk,Walkk
426,Car,Car,Car,Car,Van
427,Mum's Shoulders,Van,Van,Car,Walk
428,Walk,Bicycle,Walk,Dad's Shoulders,Waalk
429,Car,Bicycle,Carr,Walk,Car
430,Scooter,Scooter,Scootr,Scooter,Scoter
431,Bycycle,Carr,Scoter,Walkk,Scoter
432,Car,Car,Car,Car,Car
433,Walk,Walk,Wallk,Walk,WAlk
434,Car,Walk,Bicycle,Walk,Walk
435,Helicopter,Car,Car,Helicopeter,Car
436,Car,Walk,Car,Walk,Car
437,Helicopter,Car,Car,Car,Bicycle
438,Car,Car,Car,Car,Bycycle
439,Bicycle,Bicycle,Bicycle,Walk,Walk
440,Car,Bicycle,Carr,Walk,Car
441,Scooter,Scooter,Scootr,Scooter,Scoter
442,Bycycle,Carr,Scoter,Walkk,Scoter
443,Car,Car,Car,Car,Car
444,Walk,Walk,Wallk,Walk,WAlk
445,Car,Walk,Bicycle,Walk,Walk
446,Bicycle,Bicycle,Bicycle,Bicycle,Bicycle
447,Walk,Walkk,Walk,Walk,Walkk
448,Car,Car,Car,Car,Van
449,Van,Van,Van,Car,Mum's Shoulders
450,Walk,Dad's Shoulders,Walk,Bicycle,Waalk
451,Car,Walk,Car,Walk,Car
452,Helicopter,Car,Car,Car,Bicycle
453,Car,Car,Car,Car,Bycycle
454,Bicycle,Bicycle,Bicycle,Walk,Walk
455,Car,Bicycle,Carr,Walk,Car
456,Scooter,Scooter,Scootr,Scooter,Scoter
457,Bycycle,Carr,Scoter,Walkk,Scoter
458,Car,Car,Car,Car,Car
459,Walk,Walk,Wallk,Walk,WAlk
460,Car,Walk,Bicycle,Walk,Walk
461,Bicycle,Bicycle,Bicycle,Bicycle,Bicycle
462,Walk,Walkk,Walk,Walk,Walkk
463,Car,Car,Car,Car,Van
464,Van,Van,Mum's Shoulders,Car,Car
465,Car,Car,Car,Car,Bycycle
466,Bicycle,Bicycle,Bicycle,Walk,Walk
467,Car,Bicycle,Carr,Walk,Car
468,Scooter,Scooter,Scootr,Scooter,Scoter
469,Bycycle,Carr,Scoter,Walkk,Scoter
470,Car,Car,Car,Car,Car
471,Walk,Walk,Wallk,Walk,WAlk
472,Car,Walk,Bicycle,Walk,Walk
473,Helicopter,Car,Car,Helicopeter,Car
474,Car,Walk,Car,Walk,Car
475,Helicopter,Car,Car,Car,Bicycle
476,Car,Car,Car,Car,Bycycle
477,Bicycle,Bicycle,Bicycle,Walk,Walk
478,Car,Bicycle,Carr,Walk,Car
479,Scooter,Scooter,Scootr,Scooter,Scoter
480,Bycycle,Carr,Scoter,Walkk,Scoter
481,Car,Car,Car,Car,Car
482,Walk,Walk,Wallk,Walk,WAlk
483,Car,Walk,Bicycle,Walk,Walk
484,Bicycle,Bicycle,Bicycle,Bicycle,Bicycle
485,Walk,Walkk,Walk,Walk,Walkk
486,Car,Car,Car,Car,Van
487,Mum's Shoulders,Van,Van,Car,Walk
488,Walk,Bicycle,Walk,Dad's Shoulders,Waalk
489,Hopped,Skipped,Jumped,Walk,Walk
490,Car,Car,Car,Car,Bycycle
491,Bicycle,Bicycle,Bicycle,Walk,Walk
492,Car,Bicycle,Carr,Walk,Car
493,Scooter,Scooter,Scootr,Scooter,Scoter
494,Bycycle,Carr,Scoter,Walkk,Scoter
495,Car,Car,Car,Car,Car
496,Walk,Walk,Wallk,Walk,WAlk
497,Car,Walk,Bicycle,Walk,Walk
498,Aeroplane,Aeroplane,Aeroplane,Aeroplane,Aeroplane
499,Car,Walk,Car,Walk,Car
500,Helicopter,Car,Car,Car,Bicycle
501,Car,Car,Car,Car,Bycycle
502,Bicycle,Bicycle,Bicycle,Walk,Walk
503,Car,Bicycle,Carr,Walk,Car
504,Scooter,Scooter,Scootr,Scooter,Scoter
505,Bycycle,Carr,Scoter,Walkk,Scoter
506,Car,Car,Car,Car,Car
507,Walk,Walk,Wallk,Walk,WAlk
508,Car,Walk,Bicycle,Walk,Walk
509,Bicycle,Bicycle,Bicycle,Bicycle,Bicycle
510,Walk,Walkk,Walk,Walk,Walkk
511,Car,Car,Car,Car,Van
512,Van,Van,Van,Car,Mum's Shoulders
513,Car,Car,Car,Car,Bycycle
514,Bicycle,Bicycle,Bicycle,Walk,Walk
515,Car,Bicycle,Carr,Walk,Car
516,Scooter,Scooter,Scootr,Scooter,Scoter
517,Bycycle,Carr,Scoter,Walkk,Scoter
518,Car,Car,Car,Car,Car
519,Walk,Walk,Wallk,Walk,WAlk
520,Car,Walk,Bicycle,Walk,Walk
521,Helicopter,Car,Car,Helicopeter,Car
522,Car,Walk,Car,Walk,Car
523,Helicopter,Car,Car,Car,Bicycle
524,Car,Car,Car,Car,Bycycle
525,Bicycle,Bicycle,Bicycle,Walk,Walk
526,Car,Bicycle,Carr,Walk,Car
527,Scooter,Scooter,Scootr,Scooter,Scoter
528,Bycycle,Carr,Scoter,Walkk,Scoter
529,Car,Car,Car,Car,Car
530,Walk,Walk,Wallk,Walk,WAlk
531,Car,Walk,Bicycle,Walk,Walk
532,Bicycle,Bicycle,Bicycle,Bicycle,Bicycle
533,Walk,Walkk,Walk,Walk,Walkk
534,Car,Car,Car,Car,Van
535,Van,Van,Van,Car,Mum's Shoulders
536,Walk,Dad's Shoulders,Walk,Bicycle,Waalk
537,Car,Walk,Car,Walk,Car
538,Helicopter,Car,Car,Car,Bicycle
539,Car,Car,Car,Car,Bycycle
540,Bicycle,Bicycle,Bicycle,Walk,Walk
541,Car,Bicycle,Carr,Walk,Car
542,Scooter,Scooter,Scootr,Scooter,Scoter
543,Bycycle,Carr,Scoter,Walkk,Scoter
544,Car,Car,Car,Car,Car
545,Walk,Walk,Wallk,Walk,WAlk
546,Car,Walk,Bicycle,Walk,Walk
547,Bicycle,Bicycle,Bicycle,Bicycle,Bicycle
548,Walk,Walkk,Walk,Walk,Walkk
549,Car,Car,Car,Car,Van
550,Van,Van,Mum's Shoulders,Car,Car
551,Car,Car,Car,Car,Bycycle
552,Bicycle,Bicycle,Bicycle,Walk,Walk
553,Car,Bicycle,Carr,Walk,Car
554,Scooter,Scooter,Scootr,Scooter,Scoter
555,Bycycle,Carr,Scoter,Walkk,Scoter
556,Car,Car,Car,Car,Car
557,Walk,Walk,Wallk,Walk,WAlk
558,Car,Walk,Bicycle,Walk,Walk
559,Helicopter,Car,Car,Helicopeter,Car
560,Car,Walk,Car,Walk,Car
561,Helicopter,Car,Car,Car,Bicycle
562,Car,Car,Car,Car,Bycycle
563,Bicycle,Bicycle,Bicycle,Walk,Walk
564,Car,Bicycle,Carr,Walk,Car
565,Scooter,Scooter,Scootr,Scooter,Scoter
566,Bycycle,Carr,Scoter,Walkk,Scoter
567,Car,Car,Car,Car,Car
568,Walk,Walk,Wallk,Walk,WAlk
569,Car,Walk,Bicycle,Walk,Walk
570,Bicycle,Bicycle,Bicycle,Bicycle,Bicycle
571,Walk,Walkk,Walk,Walk,Walkk
572,Car,Car,Car,Car,Van
573,Mum's Shoulders,Van,Van,Car,Walk
574,Walk,Bicycle,Walk,Dad's Shoulders,Waalk
575,Car,Bicycle,Carr,Walk,Car
576,Scooter,Scooter,Scootr,Scooter,Scoter
577,Bycycle,Carr,Scoter,Walkk,Scoter
578,Car,Car,Car,Car,Car
579,Walk,Walk,Wallk,Walk,WAlk
580,Car,Walk,Bicycle,Walk,Walk
581,Helicopter,Car,Car,Helicopeter,Car
582,Car,Walk,Car,Walk,Car
583,Helicopter,Car,Car,Car,Bicycle
584,Car,Car,Car,Car,Bycycle
585,Bicycle,Bicycle,Bicycle,Walk,Walk
586,Car,Bicycle,Carr,Walk,Car
587,Scooter,Scooter,Scootr,Scooter,Scoter
588,Bycycle,Carr,Scoter,Walkk,Scoter
589,Car,Car,Car,Car,Car
590,Walk,Walk,Wallk,Walk,WAlk
591,Car,Walk,Bicycle,Walk,Walk
592,Bicycle,Bicycle,Bicycle,Bicycle,Bicycle
593,Walk,Walkk,Walk,Walk,Walkk
594,Car,Car,Car,Car,Van
595,Van,Van,Van,Car,Mum's Shoulders
596,Walk,Dad's Shoulders,Walk,Bicycle,Waalk
597,Car,Walk,Car,Walk,Car
598,Helicopter,Car,Car,Car,Bicycle
599,Car,Car,Car,Car,Bycycle
600,Bicycle,Bicycle,Bicycle,Walk,Walk
601,Car,Bicycle,Carr,Walk,Car
602,Scooter,Scooter,Scootr,Scooter,Scoter
603,Bycycle,Carr,Scoter,Walkk,Scoter
604,Car,Car,Car,Car,Car
605,Walk,Walk,Wallk,Walk,WAlk
606,Car,Walk,Bicycle,Walk,Walk
607,Bicycle,Bicycle,Bicycle,Bicycle,Bicycle
608,Walk,Walkk,Walk,Walk,Walkk
609,Car,Car,Car,Car,Van
610,Van,Van,Mum's Shoulders,Car,Car
611,Car,Car,Car,Car,Bycycle
612,Bicycle,Bicycle,Bicycle,Walk,Walk
613,Car,Bicycle,Carr,Walk,Car
614,Scooter,Scooter,Scootr,Scooter,Scoter
615,Bycycle,Carr,Scoter,Walkk,Scoter
616,Car,Car,Car,Car,Car
617,Walk,Walk,Wallk,Walk,WAlk
618,Car,Car,Car,Car,Bycycle
619,Bicycle,Bicycle,Bicycle,Walk,Walk
620,Car,Bicycle,Carr,Walk,Car
621,Scooter,Scooter,Scootr,Scooter,Scoter
622,Bycycle,Carr,Scoter,Walkk,Scoter
623,Car,Car,Car,Car,Car
624,Walk,Walk,Wallk,Walk,WAlk
625,Car,Walk,Bicycle,Walk,Walk
626,Aeroplane,Aeroplane,Aeroplane,Aeroplane,Aeroplane
627,Car,Walk,Car,Walk,Car
628,Helicopter,Car,Car,Car,Bicycle
629,Car,Car,Car,Car,Bycycle
630,Bicycle,Bicycle,Bicycle,Walk,Walk
631,Car,Bicycle,Carr,Walk,Car
632,Scooter,Scooter,Scootr,Scooter,Scoter
633,Bycycle,Carr,Scoter,Walkk,Scoter
634,Car,Car,Car,Car,Car
635,Walk,Walk,Wallk,Walk,WAlk
636,Car,Walk,Bicycle,Walk,Walk
637,Bicycle,Bicycle,Bicycle,Bicycle,Bicycle
638,Walk,Walkk,Walk,Walk,Walkk
639,Car,Car,Car,Car,Van
640,Van,Van,Van,Car,Mum's Shoulders
641,Car,Car,Car,Car,Bycycle
642,Bicycle,Bicycle,Bicycle,Walk,Walk
643,Car,Bicycle,Carr,Walk,Car
644,Scooter,Scooter,Scootr,Scooter,Scoter
645,Bycycle,Carr,Scoter,Walkk,Scoter
646,Car,Car,Car,Car,Car
647,Walk,Walk,Wallk,Walk,WAlk
648,Car,Walk,Bicycle,Walk,Walk
649,Helicopter,Car,Car,Helicopeter,Car
650,Car,Walk,Car,Walk,Car
651,Helicopter,Car,Car,Car,Bicycle
652,Car,Car,Car,Car,Bycycle
653,Bicycle,Bicycle,Bicycle,Walk,Walk
654,Car,Bicycle,Carr,Walk,Car
655,Scooter,Scooter,Scootr,Scooter,Scoter
656,Bycycle,Carr,Scoter,Walkk,Scoter
657,Car,Car,Car,Car,Car
658,Walk,Walk,Wallk,Walk,WAlk
659,Car,Walk,Bicycle,Walk,Walk
660,Bicycle,Bicycle,Bicycle,Bicycle,Bicycle
661,Walk,Walkk,Walk,Walk,Walkk
662,Car,Car,Car,Car,Van
663,Van,Van,Van,Car,Mum's Shoulders
664,Walk,Dad's Shoulders,Walk,Bicycle,Waalk
665,Car,Walk,Car,Walk,Car
666,Helicopter,Car,Car,Car,Bicycle
667,Car,Car,Car,Car,Bycycle
668,Bicycle,Bicycle,Bicycle,Walk,Walk
669,Car,Bicycle,Carr,Walk,Car
670,Scooter,Scooter,Scootr,Scooter,Scoter
671,Bycycle,Carr,Scoter,Walkk,Scoter
672,Car,Car,Car,Car,Car
673,Walk,Walk,Wallk,Walk,WAlk
674,Car,Walk,Bicycle,Walk,Walk
675,Aeroplane,Aeroplane,Aeroplane,Aeroplane,Aeroplane
676,Car,Walk,Car,Walk,Car
677,Helicopter,Car,Car,Car,Bicycle
678,Car,Car,Car,Car,Bycycle
679,Bicycle,Bicycle,Bicycle,Walk,Walk
680,Car,Bicycle,Carr,Walk,Car
681,Scooter,Scooter,Scootr,Scooter,Scoter
682,Bycycle,Carr,Scoter,Walkk,Scoter
683,Car,Car,Car,Car,Car
684,Walk,Walk,Wallk,Walk,WAlk
685,Car,Walk,Bicycle,Walk,Walk
686,Bicycle,Bicycle,Bicycle,Bicycle,Bicycle
687,Walk,Walkk,Walk,Walk,Walkk
688,Car,Car,Car,Car,Van
689,Van,Van,Van,Car,Mum's Shoulders
690,Car,Car,Car,Car,Bycycle
691,Bicycle,Bicycle,Bicycle,Walk,Walk
692,Car,Bicycle,Carr,Walk,Car
693,Scooter,Scooter,Scootr,Scooter,Scoter
694,Bycycle,Carr,Scoter,Walkk,Scoter
695,Car,Car,Car,Car,Car
696,Walk,Walk,Wallk,Walk,WAlk
697,Car,Walk,Bicycle,Walk,Walk
698,Helicopter,Car,Car,Helicopeter,Car
699,Car,Walk,Car,Walk,Car
700,Helicopter,Car,Car,Car,Bicycle
701,Car,Car,Car,Car,Bycycle
702,Bicycle,Bicycle,Bicycle,Walk,Walk
703,Car,Bicycle,Carr,Walk,Car
704,Scooter,Scooter,Scootr,Scooter,Scoter
705,Bycycle,Carr,Scoter,Walkk,Scoter
706,Car,Car,Car,Car,Car
707,Walk,Walk,Wallk,Walk,WAlk
708,Car,Walk,Bicycle,Walk,Walk
709,Bicycle,Bicycle,Bicycle,Bicycle,Bicycle
710,Walk,Walkk,Walk,Walk,Walkk
711,Car,Car,Car,Car,Van
712,Van,Van,Van,Car,Mum's Shoulders
713,Walk,Dad's Shoulders,Walk,Bicycle,Waalk
714,Car,Walk,Car,Walk,Car
715,Helicopter,Car,Car,Car,Bicycle
716,Car,Car,Car,Car,Bycycle
717,Bicycle,Bicycle,Bicycle,Walk,Walk
718,Car,Bicycle,Carr,Walk,Car
719,Scooter,Scooter,Scootr,Scooter,Scoter
720,Bycycle,Carr,Scoter,Walkk,Scoter
721,Car,Car,Car,Car,Car
722,Walk,Walk,Wallk,Walk,WAlk
723,Car,Walk,Bicycle,Walk,Walk
724,Bicycle,Bicycle,Bicycle,Bicycle,Bicycle
725,Walk,Walkk,Walk,Walk,Walkk
726,Car,Car,Car,Car,Van
727,Van,Van,Mum's Shoulders,Car,Car
728,Car,Car,Car,Car,Bycycle
729,Bicycle,Bicycle,Bicycle,Walk,Walk
730,Car,Bicycle,Carr,Walk,Car
731,Scooter,Scooter,Scootr,Scooter,Scoter
732,Bycycle,Carr,Scoter,Walkk,Scoter
733,Car,Car,Car,Car,Car
734,Walk,Walk,Wallk,Walk,WAlk
735,Car,Walk,Bicycle,Walk,Walk
736,Helicopter,Car,Car,Helicopeter,Car
737,Car,Walk,Car,Walk,Car
738,Helicopter,Car,Car,Car,Bicycle
739,Car,Car,Car,Car,Bycycle
740,Bicycle,Bicycle,Bicycle,Walk,Walk
741,Car,Bicycle,Carr,Walk,Car
742,Scooter,Scooter,Scootr,Scooter,Scoter
743,Bycycle,Carr,Scoter,Walkk,Scoter
744,Car,Car,Car,Car,Car
745,Walk,Walk,Wallk,Walk,WAlk
746,Car,Walk,Bicycle,Walk,Walk
747,Bicycle,Bicycle,Bicycle,Bicycle,Bicycle
748,Walk,Walkk,Walk,Walk,Walkk
749,Car,Car,Car,Car,Van
750,Mum's Shoulders,Van,Van,Car,Walk
751,Walk,Bicycle,Walk,Dad's Shoulders,Waalk
752,Car,Bicycle,Carr,Walk,Car
753,Scooter,Scooter,Scootr,Scooter,Scoter
754,Bycycle,Carr,Scoter,Walkk,Scoter
755,Car,Car,Car,Car,Car
756,Walk,Walk,Wallk,Walk,WAlk
757,Car,Walk,Bicycle,Walk,Walk
758,Helicopter,Car,Car,Helicopeter,Car
759,Car,Walk,Car,Walk,Car
760,Helicopter,Car,Car,Car,Bicycle
761,Car,Car,Car,Car,Bycycle
762,Bicycle,Bicycle,Bicycle,Walk,Walk
763,Car,Bicycle,Carr,Walk,Car
764,Scooter,Scooter,Scootr,Scooter,Scoter
765,Bycycle,Carr,Scoter,Walkk,Scoter
766,Car,Car,Car,Car,Car
767,Walk,Walk,Wallk,Walk,WAlk
768,Car,Walk,Bicycle,Walk,Walk
769,Bicycle,Bicycle,Bicycle,Bicycle,Bicycle
770,Walk,Walkk,Walk,Walk,Walkk
771,Car,Car,Car,Car,Van
772,Van,Van,Van,Car,Mum's Shoulders
773,Walk,Dad's Shoulders,Walk,Bicycle,Waalk
774,Car,Walk,Car,Walk,Car
775,Helicopter,Car,Car,Car,Bicycle
776,Car,Car,Car,Car,Bycycle
777,Bicycle,Bicycle,Bicycle,Walk,Walk
778,Car,Bicycle,Carr,Walk,Car
779,Scooter,Scooter,Scootr,Scooter,Scoter
780,Bycycle,Carr,Scoter,Walkk,Scoter
781,Car,Car,Car,Car,Car
782,Walk,Walk,Wallk,Walk,WAlk
783,Car,Walk,Bicycle,Walk,Walk
784,Bicycle,Bicycle,Bicycle,Bicycle,Bicycle
785,Walk,Walkk,Walk,Walk,Walkk
786,Car,Car,Car,Car,Van
787,Van,Van,Mum's Shoulders,Car,Car
788,Car,Car,Car,Car,Bycycle
789,Bicycle,Bicycle,Bicycle,Walk,Walk
790,Car,Bicycle,Carr,Walk,Car
791,Scooter,Scooter,Scootr,Scooter,Scoter
792,Bycycle,Carr,Scoter,Walkk,Scoter
793,Car,Car,Car,Car,Car
794,Walk,Walk,Wallk,Walk,WAlk
795,Car,Walk,Bicycle,Walk,Walk
796,Helicopter,Car,Car,Helicopeter,Car
797,Car,Walk,Car,Walk,Car
798,Helicopter,Car,Car,Car,Bicycle
799,Car,Car,Car,Car,Bycycle
800,Bicycle,Bicycle,Bicycle,Walk,Walk
801,Car,Bicycle,Carr,Walk,Car
802,Scooter,Scooter,Scootr,Scooter,Scoter
803,Bycycle,Carr,Scoter,Walkk,Scoter
804,Car,Car,Car,Car,Car
805,Walk,Walk,Wallk,Walk,WAlk
806,Car,Walk,Bicycle,Walk,Walk
807,Bicycle,Bicycle,Bicycle,Bicycle,Bicycle
808,Walk,Walkk,Walk,Walk,Walkk
809,Car,Car,Car,Car,Van
810,Mum's Shoulders,Van,Van,Car,Walk
811,Walk,Bicycle,Walk,Dad's Shoulders,Waalk
812,Hopped,Skipped,Jumped,Walk,Walk
813,Car,Car,Car,Car,Bycycle
814,Bicycle,Bicycle,Bicycle,Walk,Walk
815,Car,Bicycle,Carr,Walk,Car
816,Scooter,Scooter,Scootr,Scooter,Scoter
817,Bycycle,Carr,Scoter,Walkk,Scoter
818,Car,Car,Car,Car,Car
819,Walk,Walk,Wallk,Walk,WAlk
820,Car,Walk,Bicycle,Walk,Walk
821,Aeroplane,Aeroplane,Aeroplane,Aeroplane,Aeroplane
822,Car,Walk,Car,Walk,Car
823,Helicopter,Car,Car,Car,Bicycle
824,Car,Car,Car,Car,Bycycle
825,Bicycle,Bicycle,Bicycle,Walk,Walk
826,Car,Bicycle,Carr,Walk,Car
827,Scooter,Scooter,Scootr,Scooter,Scoter
828,Bycycle,Carr,Scoter,Walkk,Scoter
829,Car,Car,Car,Car,Car
830,Walk,Walk,Wallk,Walk,WAlk
831,Car,Walk,Bicycle,Walk,Walk
832,Bicycle,Bicycle,Bicycle,Bicycle,Bicycle
833,Walk,Walkk,Walk,Walk,Walkk
834,Car,Car,Car,Car,Van
835,Van,Van,Van,Car,Mum's Shoulders
836,Car,Car,Car,Car,Bycycle
837,Bicycle,Bicycle,Bicycle,Walk,Walk
838,Car,Bicycle,Carr,Walk,Car
839,Scooter,Scooter,Scootr,Scooter,Scoter
840,Bycycle,Carr,Scoter,Walkk,Scoter
841,Car,Car,Car,Car,Car
842,Walk,Walk,Wallk,Walk,WAlk
843,Car,Walk,Bicycle,Walk,Walk
844,Helicopter,Car,Car,Helicopeter,Car
845,Car,Walk,Car,Walk,Car
846,Helicopter,Car,Car,Car,Bicycle
847,Car,Car,Car,Car,Bycycle
848,Bicycle,Bicycle,Bicycle,Walk,Walk
849,Car,Bicycle,Carr,Walk,Car
850,Scooter,Scooter,Scootr,Scooter,Scoter
851,Bycycle,Carr,Scoter,Walkk,Scoter
852,Car,Car,Car,Car,Car
853,Walk,Walk,Wallk,Walk,WAlk
854,Car,Walk,Bicycle,Walk,Walk
855,Bicycle,Bicycle,Bicycle,Bicycle,Bicycle
856,Walk,Walkk,Walk,Walk,Walkk
857,Car,Car,Car,Car,Van
858,Van,Van,Van,Car,Mum's Shoulders
859,Walk,Dad's Shoulders,Walk,Bicycle,Waalk
860,Car,Walk,Car,Walk,Car
861,Helicopter,Car,Car,Car,Bicycle
862,Car,Car,Car,Car,Bycycle
863,Bicycle,Bicycle,Bicycle,Walk,Walk
864,Car,Bicycle,Carr,Walk,Car
865,Scooter,Scooter,Scootr,Scooter,Scoter
866,Bycycle,Carr,Scoter,Walkk,Scoter
867,Car,Car,Car,Car,Car
868,Walk,Walk,Wallk,Walk,WAlk
869,Car,Walk,Bicycle,Walk,Walk
870,Bicycle,Bicycle,Bicycle,Bicycle,Bicycle
871,Walk,Walkk,Walk,Walk,Walkk
872,Car,Car,Car,Car,Van
873,Van,Van,Mum's Shoulders,Car,Car
874,Car,Car,Car,Car,Bycycle
875,Bicycle,Bicycle,Bicycle,Walk,Walk
876,Car,Bicycle,Carr,Walk,Car
877,Scooter,Scooter,Scootr,Scooter,Scoter
878,Bycycle,Carr,Scoter,Walkk,Scoter
879,Car,Car,Car,Car,Car
880,Walk,Walk,Wallk,Walk,WAlk
881,Car,Walk,Bicycle,Walk,Walk
882,Helicopter,Car,Car,Helicopeter,Car
883,Car,Walk,Car,Walk,Car
884,Helicopter,Car,Car,Car,Bicycle
885,Car,Car,Car,Car,Bycycle
886,Bicycle,Bicycle,Bicycle,Walk,Walk
887,Car,Bicycle,Carr,Walk,Car
888,Scooter,Scooter,Scootr,Scooter,Scoter
889,Bycycle,Carr,Scoter,Walkk,Scoter
890,Car,Car,Car,Car,Car
891,Walk,Walk,Wallk,Walk,WAlk
892,Car,Walk,Bicycle,Walk,Walk
893,Bicycle,Bicycle,Bicycle,Bicycle,Bicycle
894,Walk,Walkk,Walk,Walk,Walkk
895,Car,Car,Car,Car,Van
896,Mum's Shoulders,Van,Van,Car,Walk
897,Walk,Bicycle,Walk,Dad's Shoulders,Waalk
898,Car,Bicycle,Carr,Walk,Car
899,Scooter,Scooter,Scootr,Scooter,Scoter
900,Bycycle,Carr,Scoter,Walkk,Scoter
901,Car,Car,Car,Car,Car
902,Walk,Walk,Wallk,Walk,WAlk
903,Car,Walk,Bicycle,Walk,Walk
904,Helicopter,Car,Car,Helicopeter,Car
905,Car,Walk,Car,Walk,Car
906,Helicopter,Car,Car,Car,Bicycle
907,Car,Car,Car,Car,Bycycle
908,Bicycle,Bicycle,Bicycle,Walk,Walk
909,Car,Bicycle,Carr,Walk,Car
910,Scooter,Scooter,Scootr,Scooter,Scoter
911,Bycycle,Carr,Scoter,Walkk,Scoter
912,Car,Car,Car,Car,Car
913,Walk,Walk,Wallk,Walk,WAlk
914,Car,Walk,Bicycle,Walk,Walk
915,Bicycle,Bicycle,Bicycle,Bicycle,Bicycle
916,Walk,Walkk,Walk,Walk,Walkk
917,Car,Car,Car,Car,Van
918,Van,Van,Van,Car,Mum's Shoulders
919,Walk,Dad's Shoulders,Walk,Bicycle,Waalk
920,Car,Walk,Car,Walk,Car
921,Helicopter,Car,Car,Car,Bicycle
922,Car,Car,Car,Car,Bycycle
923,Bicycle,Bicycle,Bicycle,Walk,Walk
924,Car,Bicycle,Carr,Walk,Car
925,Scooter,Scooter,Scootr,Scooter,Scoter
926,Bycycle,Carr,Scoter,Walkk,Scoter
927,Car,Car,Car,Car,Car
928,Walk,Walk,Wallk,Walk,WAlk
929,Car,Walk,Bicycle,Walk,Walk
930,Bicycle,Bicycle,Bicycle,Bicycle,Bicycle
931,Walk,Walkk,Walk,Walk,Walkk
932,Car,Car,Car,Car,Van
933,Van,Van,Mum's Shoulders,Car,Car
934,Car,Car,Car,Car,Bycycle
935,Bicycle,Bicycle,Bicycle,Walk,Walk
936,Car,Bicycle,Carr,Walk,Car
937,Scooter,Scooter,Scootr,Scooter,Scoter
938,Bycycle,Carr,Scoter,Walkk,Scoter
939,Car,Car,Car,Car,Car
940,Walk,Walk,Wallk,Walk,WAlk
941,Car,Car,Car,Car,Bycycle
942,Bicycle,Bicycle,Bicycle,Walk,Walk
943,Car,Bicycle,Carr,Walk,Car
944,Scooter,Scooter,Scootr,Scooter,Scoter
945,Bycycle,Carr,Scoter,Walkk,Scoter
946,Car,Car,Car,Car,Car
947,Walk,Walk,Wallk,Walk,WAlk
948,Car,Walk,Bicycle,Walk,Walk
949,Aeroplane,Aeroplane,Aeroplane,Aeroplane,Aeroplane
950,Car,Walk,Car,Walk,Car
951,Helicopter,Car,Car,Car,Bicycle
952,Car,Car,Car,Car,Bycycle
953,Bicycle,Bicycle,Bicycle,Walk,Walk
954,Car,Bicycle,Carr,Walk,Car
955,Scooter,Scooter,Scootr,Scooter,Scoter
956,Bycycle,Carr,Scoter,Walkk,Scoter
957,Car,Car,Car,Car,Car
958,Walk,Walk,Wallk,Walk,WAlk
959,Car,Walk,Bicycle,Walk,Walk
960,Bicycle,Bicycle,Bicycle,Bicycle,Bicycle
961,Walk,Walkk,Walk,Walk,Walkk
962,Car,Car,Car,Car,Van
963,Van,Van,Van,Car,Mum's Shoulders
964,Car,Car,Car,Car,Bycycle
965,Bicycle,Bicycle,Bicycle,Walk,Walk
966,Car,Bicycle,Carr,Walk,Car
967,Scooter,Scooter,Scootr,Scooter,Scoter
968,Bycycle,Carr,Scoter,Walkk,Scoter
969,Car,Car,Car,Car,Car
970,Walk,Walk,Wallk,Walk,WAlk
971,Car,Walk,Bicycle,Walk,Walk
972,Helicopter,Car,Car,Helicopeter,Car
973,Car,Walk,Car,Walk,Car
974,Helicopter,Car,Car,Car,Bicycle
975,Car,Car,Car,Car,Bycycle
976,Bicycle,Bicycle,Bicycle,Walk,Walk
977,Car,Bicycle,Carr,Walk,Car
978,Scooter,Scooter,Scootr,Scooter,Scoter
979,Bycycle,Carr,Scoter,Walkk,Scoter
980,Car,Car,Car,Car,Car
981,Walk,Walk,Wallk,Walk,WAlk
982,Car,Walk,Bicycle,Walk,Walk
983,Bicycle,Bicycle,Bicycle,Bicycle,Bicycle
984,Walk,Walkk,Walk,Walk,Walkk
985,Car,Car,Car,Car,Van
986,Van,Van,Van,Car,Mum's Shoulders
987,Walk,Dad's Shoulders,Walk,Bicycle,Waalk
988,Car,Walk,Car,Walk,Car
989,Helicopter,Car,Car,Car,Bicycle
990,Car,Car,Car,Car,Bycycle
991,Bicycle,Bicycle,Bicycle,Walk,Walk
992,Car,Bicycle,Carr,Walk,Car
993,Scooter,Scooter,Scootr,Scooter,Scoter
994,Bycycle,Carr,Scoter,Walkk,Scoter
995,Car,Car,Car,Car,Car
996,Walk,Walk,Wallk,Walk,WAlk
997,Car,Walk,Bicycle,Walk,Walk
998,Bicycle,Bicycle,Bicycle,Bicycle,Bicycle
999,Bicycle,Bicycle,Bicycle,Walk,Walk
1000,Car,Bicycle,Carr,Walk,Car