id,pupil first name,pupil last name,gender,Date of Birth,Parental Contact Name_1,Parental Contact Name_2,Preferred Contact Employer,Parental Contact
1,Ronna,Nellies,Female,12/21/2013,Purcell,Ketti,Demizz,1
2,Rusty,Andriulis,Male,7/21/2012,Vassili,Rivi,Brainbox,1
3,Roberta,Oakeshott,Female,12/4/2011,Lind,Haskell,Centidel,2
4,Lola,Rubinfajn,Male,6/29/2012,Elie,Tresa,Edgeblab,2
5,Kamila,Benedtti,Female,7/10/2012,Adela,Clevey,Trudoo,1
6,Avery,Colebourn,Female,8/30/2012,Dalenna,Charley,Linktype,1
7,Valentino,Klimko,Female,12/23/2014,Arlette,Onofredo,Thoughtblab,2
8,Cal,Shearwood,Male,1/18/2015,Leontine,Berne,Browseblab,2
9,King,Truswell,Female,9/14/2012,Evvy,Othelia,Photospace,1
10,Towney,Stichall,Male,6/4/2015,Wendie,Joyann,Kwimbee,2
11,Aubrette,Mc Dermid,Genderqueer,10/9/2012,Emilee,Giraldo,Oyonder,2
12,Adah,Chatres,Female,12/27/2012,Claudine,Dalia,Jabbercube,2
13,Benedikt,Titterton,Male,1/10/2014,Zelma,Perrine,Blogtag,1
14,Rosina,Harberer,Male,12/23/2012,Esther,Suzann,Trilith,1
15,Panchito,Filinkov,Male,6/9/2013,Darbee,Dasi,Flashspan,2
16,Samara,Strike,Male,6/26/2013,Winna,Harlene,Innojam,2
17,Joane,McCormack,Male,4/17/2012,Marsiella,Max,Zooxo,1
18,Griffie,Sitlinton,Female,3/24/2014,Hunfredo,Shel,Meedoo,1
19,Gilberta,Silversmidt,Female,9/8/2014,Tawsha,Pearle,Babbleblab,1
20,Marjie,Matkovic,Female,12/4/2011,Ev,Finn,Youbridge,2
21,Uri,Cowterd,Genderfluid,12/12/2011,Chrystal,Larina,Jabbersphere,2
22,Korella,Mattisson,Male,4/3/2015,Sherie,Marsha,Flipopia,2
23,Findlay,Schonfelder,Bigender,1/19/2014,Aldridge,Moise,Dabtype,1
24,Jaquelyn,Jantzen,Male,10/20/2012,Walther,Jayme,Vitz,2
25,Davina,Gradwell,Female,11/7/2011,Ketti,Junie,Leexo,2
26,Nicolea,Selby,Male,4/4/2014,Kippie,Rheba,Kwimbee,2
27,Moselle,Alelsandrovich,Female,12/22/2012,Quentin,Eimile,Feedfire,1
28,Honey,Nieass,Female,11/23/2014,Sela,Hermon,Gigabox,2
29,Akim,Godfroy,Female,9/30/2012,Diarmid,Maren,Buzzshare,2
30,Karole,Floch,Male,11/6/2012,Allie,Cynthia,Zava,2
31,Nata,Feldbaum,Female,5/7/2015,Sloane,Zita,Skidoo,2
32,Jaquelin,Antonucci,Female,5/3/2012,Mathe,Edmund,DabZ,1
33,Candra,Hallums,Male,8/11/2014,Raquela,Raye,Realbridge,2
34,Den,Masters,Genderqueer,10/3/2014,Hermon,Madelle,Photospace,1
35,Janifer,Marris,Genderfluid,5/21/2012,Lars,Ilyssa,Thoughtworks,2
36,Carolus,Bremmer,Genderqueer,9/15/2011,Gal,Tamiko,Kanoodle,1
37,Casey,Addicote,Male,9/25/2014,Vina,Morry,Fiveclub,1
38,Brigida,De Ath,Male,8/7/2014,Alastair,Fanni,Eamia,1
39,Kimberli,Severs,Female,9/19/2011,Annabell,Eddi,Jaxspan,1
40,Maribeth,Blumson,Female,8/27/2014,Louis,Sarajane,Topicblab,2
41,Arabele,Rosenauer,Female,10/26/2012,Vernen,Iggy,Zava,1
42,Madison,Cominetti,Male,7/17/2014,Paulie,Francois,Tekfly,1
43,Verina,Knoton,Male,4/4/2014,Melantha,Peri,Jabbercube,1
44,Wolfgang,Clubbe,Female,4/20/2014,Axel,Claudelle,Cogilith,2
45,Davin,Mazdon,Male,7/10/2015,Deena,Germain,Ainyx,2
46,Constantina,McIlwaine,Female,8/26/2014,Onfre,Carter,Thoughtstorm,1
47,Sayre,Merredy,Male,10/24/2014,Antoni,Angela,Browsebug,1
48,Rodrick,Jeannot,Female,10/19/2013,Shauna,Gerick,Bubbletube,2
49,Kain,Guerre,Female,8/10/2015,Alexandros,Walker,Roomm,2
50,Blinni,Fieldstone,Male,11/17/2013,Odelle,Rudolfo,Yoveo,2
51,Annabell,Goscomb,Female,11/10/2013,Joann,Zia,Photofeed,1
52,Clayborn,Benazet,Male,11/21/2014,Robers,Zelma,Devpoint,1
53,Mahala,Henze,Male,9/15/2014,Fredra,Shelley,Meevee,1
54,Lanette,Berzen,Female,11/18/2011,Chrisy,Cornela,Roombo,1
55,Keefer,Ruckhard,Female,4/2/2013,Ashlie,Gillie,Dynazzy,1
56,Merrili,Truelock,Male,11/27/2013,Felicdad,Faythe,Meembee,1
57,Joete,Goutcher,Male,1/6/2015,Mandi,Ida,Flipstorm,1
58,Miguelita,Palfreman,Polygender,2/17/2012,Liliane,Chloris,Wikizz,2
59,Ossie,Mattes,Male,5/15/2012,Clea,Issy,Jaxspan,2
60,Bear,Vernay,Male,5/21/2014,Joanie,Toddie,Quaxo,1
61,Teodor,Wragge,Male,8/14/2015,Dotti,Shelbi,Zoomlounge,1
62,Daisie,Whitelaw,Male,1/17/2014,Annabella,Webb,Rhynyx,1
63,Emlynne,Littley,Male,2/5/2015,Lilli,Kitty,Kare,2
64,Britni,Walsh,Female,7/12/2012,Wilma,Gwendolyn,Yamia,2
65,Marys,Inseal,Female,11/16/2012,Lisle,Reggis,Kamba,1
66,Paxton,Massow,Male,2/11/2014,Codie,Anastassia,Jabbertype,1
67,Kerby,Scain,Polygender,10/30/2012,Clarette,Cortie,Zava,2
68,Johnathan,Lamplough,Male,9/25/2013,Demetris,Penelopa,Tagcat,2
69,Jeni,Donald,Female,6/7/2013,Mariska,Ilysa,Rhybox,2
70,Sylvia,Abrahamsohn,Male,11/15/2012,Fin,Arvy,Fivebridge,1
71,Cinnamon,Stoyle,Male,1/16/2012,Valerye,Biron,Browsecat,1
72,Issi,Amey,Male,10/20/2012,Llewellyn,Darla,Fiveclub,1
73,Brion,Letson,Female,12/7/2012,Brewster,Zacharie,Gigashots,2
74,Nappie,Sire,Female,11/10/2011,Hansiain,Gilberta,Avamba,1
75,Pattie,Chapelle,Female,12/19/2011,Orazio,Kellby,Trilia,1
76,Brynna,Armit,Male,8/12/2012,Evania,Alysa,Jamia,1
77,Gauthier,Bruinsma,Female,9/23/2013,Massimiliano,Kaitlynn,Skaboo,1
78,Pren,Gudgeon,Female,9/24/2013,Hobard,Lemuel,Tagopia,1
79,Wyn,Husthwaite,Genderfluid,5/11/2014,Hector,Karoly,Vinte,2
80,Allianora,Padrick,Male,12/7/2011,Engracia,Sharline,Jabbercube,2
81,Malena,Bennough,Bigender,4/20/2013,Rianon,Osgood,Photolist,2
82,Jarret,Winscom,Female,3/5/2013,Beilul,Marj,Gabtune,1
83,Ree,Salmen,Female,11/14/2013,Laughton,Morganne,Zoombox,1
84,Hope,Dommerque,Male,9/13/2014,Horace,Davidde,Midel,1
85,Guillermo,Trowle,Female,6/24/2013,Marina,Heidie,Wikizz,1
86,Tibold,Cottingham,Female,9/3/2013,Augy,Idell,Wordware,2
87,Cecilia,Poxton,Male,12/20/2013,Zea,Holly,Rhynyx,1
88,Arri,Sleney,Male,11/23/2013,Waylin,Irma,Skilith,1
89,Regina,Isenor,Male,10/16/2011,Fern,Jany,Skiba,2
90,Annalise,Roll,Bigender,7/4/2012,Malinde,Cammy,Trupe,2
91,Othello,Blyth,Male,7/19/2014,Beitris,Veronika,Realpoint,1
92,Ave,Heyball,Female,5/1/2012,Gregg,Wylma,Twinder,2
93,Friederike,Civitillo,Female,6/24/2015,Venus,Gayla,Yamia,1
94,Hayley,Rizzini,Male,4/26/2014,Darryl,Guglielmo,Oodoo,1
95,Blakelee,Monery,Female,12/4/2013,Zsa zsa,Rena,Skyvu,1
96,Jacenta,Cowton,Male,6/18/2013,Jenny,Johny,Voonyx,1
97,Karlyn,Westmoreland,Bigender,6/10/2015,Isador,Selene,Tazzy,2
98,Yancey,Bachellier,Male,2/1/2015,Orren,Arabel,Realblab,2
99,Nerte,Lissandrini,Female,12/9/2011,Quinlan,Alfonso,Abata,2
100,Dorolice,Crosthwaite,Male,1/6/2015,Knox,Roley,JumpXS,2
101,Brantley,Thorley,Female,3/2/2012,Haywood,Marley,Viva,1
102,Robin,Cypler,Male,1/31/2015,Billie,Belle,Devshare,2
103,Phillie,Allsepp,Female,6/29/2012,Cecelia,Georgianna,Skaboo,2
104,Toddie,Artz,Female,7/9/2013,Saidee,Frans,Zooxo,1
105,Marje,Antoshin,Male,12/26/2014,Vassily,Nikita,Topicstorm,1
106,Rochella,Blazdell,Male,3/31/2015,Rickie,Morten,Dynava,2
107,Aryn,Thursfield,Female,2/25/2015,Orbadiah,Dita,Tekfly,2
108,Isaiah,Antowski,Female,1/12/2014,Man,Abbye,Agimba,2
109,Helli,Owbridge,Female,8/5/2014,Denise,Kathryne,Linklinks,1
110,Hadrian,Scourgie,Male,3/20/2012,Elena,Kathryne,Linkbridge,1
111,Toddie,Nanetti,Female,10/4/2013,Kit,Penn,Mynte,1
112,Inger,Sugar,Male,11/25/2011,Collin,Brade,Divanoodle,1
113,Lezlie,Meyer,Female,3/19/2015,Nevile,Erick,Fiveclub,1
114,Rowland,Krinks,Male,12/22/2014,Durward,Abbe,Flashspan,2
115,Fair,Baumber,Polygender,9/13/2011,Elnar,Hersch,Oyope,1
116,Ekaterina,Graver,Male,10/17/2013,Adam,Lanette,Thoughtbridge,1
117,Farris,Spear,Female,3/3/2014,Marcella,Amie,Skipfire,2
118,Shanie,Croisier,Male,2/9/2014,Murray,Wendye,Skalith,2
119,Fredric,Skerme,Genderfluid,3/12/2012,Katinka,Betsey,Edgeblab,1
120,Christoph,Udall,Female,10/15/2011,Lanna,Abagael,Divavu,2
121,Jared,Koba,Polygender,1/15/2012,Abbie,Merna,Yakitri,2
122,Lucina,Gouley,Female,2/16/2014,Neall,Jermayne,Browsecat,1
123,Milka,Fosbraey,Female,10/30/2011,Tildie,Kirsten,Livetube,2
124,Iseabal,Aldwinckle,Male,3/8/2013,Averill,Cherice,Trunyx,2
125,Colet,Featherstonehaugh,Female,7/7/2012,Carmina,Brook,Pixoboo,2
126,Jewelle,Skaif,Male,1/19/2015,Claus,Lesley,Zoozzy,1
127,Brose,Plumridge,Bigender,12/30/2012,Tudor,Wren,Eare,1
128,Dotty,Oldknow,Female,12/22/2013,Valentina,Hoyt,Janyx,2
129,Stacy,Conneely,Female,10/13/2013,Emmalee,Berni,Kayveo,1
130,Iona,Ballister,Male,6/20/2014,Sutton,Brandise,Zoombeat,1
131,Windy,Curgenuer,Male,10/28/2013,Jaquelin,Gerda,Minyx,2
132,Kienan,Echalie,Female,12/19/2014,Leonard,Tommie,Digitube,2
133,Nollie,Curley,Female,11/29/2013,Phyllida,Rhodie,Thoughtsphere,1
134,Joelle,McGrory,Male,6/23/2012,Annissa,Amanda,Eabox,1
135,Pooh,Schmidt,Female,6/5/2012,Prue,Thedric,BlogXS,2
136,Coral,Phelipeaux,Male,1/4/2012,Evangelina,Royal,Livepath,1
137,Gifford,McKeachie,Female,11/21/2014,Elbertine,Vincents,Eimbee,1
138,Orelee,Videan,Female,10/5/2013,Sterne,Teirtza,Fadeo,1
139,Toiboid,Scamerden,Female,11/5/2013,Esma,Ramon,Jabbersphere,2
140,Shirline,Longstaff,Female,7/13/2013,Clifford,Calley,Youbridge,2
141,Hurley,D'Alessandro,Polygender,1/16/2014,Sofia,Mehetabel,Miboo,1
142,Orelia,Di Domenico,Female,11/7/2014,Humfrid,Ryon,Zooxo,2
143,Glynda,O'Corrin,Male,2/14/2013,Thorn,Kristel,Quimm,2
144,Bailie,Caraher,Female,10/5/2013,Yolanthe,Cyril,Kimia,1
145,Elizabeth,Pattenden,Female,6/7/2013,Jeff,Albert,BlogXS,1
146,Florian,Lardnar,Female,8/4/2014,Boycey,Etienne,Snaptags,2
147,Chantal,Caherny,Male,11/20/2012,Morena,Stewart,Demizz,1
148,Sasha,McMenamin,Genderfluid,4/23/2012,Gaultiero,Ermin,Agimba,2
149,Ivar,Verbeek,Female,12/26/2011,Kienan,Hayley,Devpulse,1
150,Jamaal,Challicombe,Male,4/2/2013,Bettine,Evy,Yodoo,1
151,Cello,Milnes,Female,3/8/2013,Irving,Benita,Photobean,1
152,Leese,Leinster,Female,11/5/2012,Nonnah,Stacee,Avaveo,1
153,Aleece,Bernardet,Polygender,1/9/2015,Milicent,Auguste,Thoughtbridge,1
154,Archibaldo,Penwell,Female,7/15/2012,Marjy,Katuscha,Twitterbeat,2
155,Berkly,Dodding,Female,10/14/2014,Vincenz,Tanney,Realpoint,1
156,Ynez,Stive,Female,5/18/2015,Alane,Ulberto,Livetube,2
157,Francene,Ebbin,Male,9/16/2012,Wilburt,Boigie,JumpXS,2
158,Ilise,Bowring,Male,11/12/2011,Hatty,Fey,Ozu,2
159,Clo,Knoton,Female,4/25/2014,Demetris,Xenos,Skimia,1
160,Guthrie,Valti,Male,5/6/2014,Frankie,Dino,Chatterbridge,1
161,Stacey,Whartonby,Bigender,2/5/2013,Bailey,Humfrid,Fatz,1
162,Ernesta,Siggers,Male,7/4/2015,Anet,Valencia,Thoughtsphere,1
163,Denice,Espinet,Male,5/5/2013,Clementius,Olwen,Myworks,1
164,Antin,Luesley,Male,4/17/2012,Elspeth,Prince,Ozu,2
165,Alon,Brash,Male,9/23/2011,Katya,Pearla,Youspan,2
166,Harlen,Penke,Male,8/4/2014,Janaya,Delaney,Flipopia,2
167,Pyotr,Anten,Female,1/6/2012,Madelene,Darrell,Jaxbean,2
168,Sean,Skelton,Female,10/3/2011,Bridie,Pryce,Quatz,2
169,Cary,Johanssen,Polygender,7/19/2013,Elonore,Garth,Tagopia,1
170,Yuri,Keywood,Male,11/10/2013,Kandace,Waneta,Photojam,2
171,Ronnie,Narducci,Male,2/1/2015,Thibaud,Rutger,Eadel,1
172,Chucho,Longmore,Male,4/15/2013,Kristen,Thedric,Photobean,1
173,Caleb,Kupka,Male,3/15/2014,Mandi,Cecil,Yadel,1
174,Robbin,Harmant,Female,1/10/2015,Ana,Theresita,Meedoo,1
175,Gaylor,Shotboult,Female,2/3/2014,Shauna,Norina,Eadel,2
176,Lamont,Tolefree,Female,8/17/2012,Tim,Herbie,Quire,1
177,Wood,Upjohn,Male,6/7/2012,Marlo,Ammamaria,Edgeblab,1
178,Brady,Seeds,Female,8/15/2012,Lita,Brnaby,Fivebridge,1
179,Selma,Litherborough,Non-binary,3/20/2014,Kaile,Madelin,Katz,1
180,Carly,Peasee,Female,7/5/2014,Teddi,Knox,Tambee,1
181,Rose,Artinstall,Male,5/29/2014,Lian,Ainsley,LiveZ,2
182,Hi,Oleksiak,Male,6/6/2013,Faina,Elayne,Meetz,1
183,Berti,Smardon,Male,3/26/2014,Katinka,Truda,Bubbletube,2
184,Lorraine,Halbard,Male,7/20/2013,Rhianon,Teriann,Skynoodle,2
185,Aldis,Sherewood,Female,8/21/2013,Carma,Randy,Brainbox,1
186,Rabbi,McGourty,Bigender,6/16/2013,Belia,Iris,Aimbo,2
187,Julietta,Layson,Female,5/20/2014,Sadella,Ali,Browsecat,2
188,Graehme,Ditch,Female,4/7/2015,Ynes,Pierce,Skivee,2
189,Benetta,Zanussii,Male,7/30/2012,Ephraim,Vivie,Oodoo,2
190,Pandora,Seelbach,Genderqueer,5/20/2014,Baldwin,Denys,Cogilith,1
191,Hatty,Crotty,Male,9/22/2013,Caspar,Korrie,Realfire,1
192,Tessa,Pogue,Male,6/23/2015,Moe,Trueman,Mydeo,1
193,Grantley,Doogan,Male,7/2/2014,Garrett,Gerda,Pixoboo,2
194,Sunny,Lanning,Male,12/28/2014,Lorin,Romonda,Tagpad,2
195,L;urette,Applegarth,Genderfluid,9/10/2012,Bonny,Tallia,Edgeblab,1
196,Wendy,Oscroft,Male,1/3/2015,Tore,Colan,Meemm,1
197,Ev,Baldack,Male,4/23/2015,Emilio,Wilie,Tekfly,1
198,Jania,Pesek,Female,4/8/2012,Malorie,Alis,Quinu,2
199,Kelley,Shenton,Genderqueer,12/31/2012,Caron,Adelina,Eamia,1
200,Doralynne,Sekulla,Male,3/14/2015,Bertine,Stefa,Mydo,2
201,Price,Harrald,Male,3/30/2013,Nanci,Zsazsa,Chatterpoint,1
202,Allen,Welburn,Female,11/5/2014,Gwyn,Sammy,Jabberstorm,2
203,Merwin,Doag,Male,4/29/2015,Sophronia,Eal,Skiba,1
204,Jeannette,Symonds,Non-binary,10/23/2012,Rheba,Kaylyn,Vipe,2
205,Valaree,Heckner,Female,4/30/2012,Gabie,Hinda,Jaxbean,2
206,Gussie,Palmar,Male,5/21/2014,Sasha,Alyosha,Devcast,2
207,Yehudi,Beggan,Male,10/19/2013,Shawnee,Penrod,Topicstorm,2
208,Drusilla,Tuson,Female,10/14/2014,Flossy,Denny,Browseblab,2
209,Alanah,Dowtry,Female,8/25/2014,Erena,Kare,Topicblab,2
210,Kathlin,Cobleigh,Female,2/26/2015,Julita,Warde,Agivu,2
211,Layne,Curston,Male,12/29/2013,Lion,Abbi,Mybuzz,2
212,Idell,Shropshire,Male,5/2/2015,Tandi,Michaela,Edgeclub,2
213,Kimbra,Whelan,Male,10/25/2013,Humbert,Berte,Thoughtbeat,1
214,Nadean,Godsell,Female,2/27/2013,Audi,Stefania,Tavu,2
215,Katinka,Liger,Female,1/25/2013,Gavan,Rochette,Katz,1
216,Fallon,Kettles,Non-binary,6/24/2013,Isador,Elsbeth,Avavee,1
217,Tally,Powland,Male,7/2/2015,Humberto,Corby,Blognation,2
218,Nolan,Jerosch,Female,10/31/2014,Hedy,Rockie,Quatz,2
219,Viva,Yukhnini,Bigender,12/4/2011,Robbie,Rik,Digitube,2
220,Nevile,Jurewicz,Female,3/25/2014,Sarge,Reuven,Lazz,2
221,Brand,Kaes,Male,3/24/2014,Chane,Concettina,Feedfire,2
222,Celine,De la Yglesia,Male,1/13/2012,Margalit,Maudie,Voomm,2
223,Adrian,Snary,Female,7/22/2013,Kenton,Clywd,Fivebridge,1
224,Anny,Casterot,Male,1/26/2015,Fionnula,Bryon,Zava,2
225,Jacques,Cosins,Male,2/1/2012,Hale,Marieann,Kimia,1
226,Lauretta,Greenhalf,Female,9/8/2013,Maible,Iris,Voomm,2
227,Ettie,Condie,Male,10/23/2012,Elenore,Flem,Kwilith,1
228,Tailor,Fellows,Female,7/26/2012,Nelie,Johnathan,Livetube,1
229,Iago,Szimon,Male,8/31/2014,Katherine,Danyelle,Rhyloo,2
230,Howard,Kittow,Female,4/9/2014,Rafe,Amii,Buzzster,2
231,Smith,Okenden,Male,12/31/2012,Tallie,Kippie,Mymm,1
232,West,Kibby,Female,11/20/2013,Peggi,Andonis,Vinder,1
233,Perren,Randalston,Female,9/3/2013,Wilton,Ryan,Quamba,1
234,Garnette,Chiese,Female,3/28/2014,Glenden,Amos,Aibox,1
235,Mace,Huntingdon,Female,5/17/2012,Jamison,Ellsworth,Oodoo,1
236,Konstantine,Parysowna,Female,6/1/2015,Nevins,Berty,Photobug,1
237,Cristina,Oseman,Female,3/28/2012,Dara,Bernadina,Fivespan,2
238,Finley,McClements,Female,8/18/2013,Bryna,Sydney,Voolith,1
239,Vic,Barends,Non-binary,9/24/2014,Teodor,Culley,Gigashots,2
240,Bartholomew,Coyle,Male,10/14/2011,Brooke,Kristan,Twimm,2
241,Krystal,Dunlea,Male,5/29/2012,Lexine,Pauletta,Rhynoodle,2
242,Mireielle,Lundy,Male,7/19/2014,Madge,Freddie,Twinte,1
243,Sharla,Almond,Male,11/16/2011,Dita,Jordain,Flashspan,1
244,Sibeal,Templeton,Female,7/22/2012,Quintus,Jerrylee,Mybuzz,2
245,Pearce,Clayworth,Male,3/19/2012,Anitra,Theadora,Divavu,1
246,Sheelah,Greder,Male,11/29/2012,Katya,Paton,Feedfish,1
247,Joly,Wybrow,Female,1/8/2015,Benoit,Elayne,Talane,2
248,Bondon,Antonazzi,Male,2/9/2012,Vite,Harlan,Rhynoodle,1
249,Gwen,Biglin,Male,1/18/2012,Winifred,Keely,Eidel,1
250,Kip,Blowen,Male,7/19/2015,Heindrick,Othella,Twiyo,2
251,Moises,Orrocks,Female,11/30/2012,Gregorius,Katerine,Pixoboo,2
252,Norbie,Shoveller,Female,12/18/2012,Raine,Yorgos,Jabberstorm,2
253,Matty,Piperley,Male,6/14/2014,Hans,Liza,Ooba,2
254,Wileen,Scamadine,Female,2/15/2015,Giselbert,Silvanus,Eidel,2
255,Armstrong,Batiste,Female,4/15/2012,Reuben,Westbrook,JumpXS,1
256,Daisey,Blanning,Female,11/27/2012,Danit,Chrysa,Centimia,2
257,Jammal,Ouchterlony,Male,2/24/2015,Ellette,Olivia,Oozz,2
258,Cynthea,Whittier,Male,11/4/2014,Pansy,Karyn,Vitz,1
259,Templeton,Reynard,Female,12/19/2014,Randie,Orelie,Meezzy,2
260,Baron,Sarre,Female,12/30/2014,Harland,Bink,Skaboo,2
261,Rex,Adds,Female,12/26/2014,Hetti,Sheila-kathryn,Quimm,1
262,Oberon,Pollie,Male,9/22/2011,Wileen,Alejoa,Edgetag,2
263,Dorita,Messitt,Male,3/17/2015,Early,Michele,Bluejam,1
264,Floria,Kitlee,Male,7/6/2012,Billi,Cornell,Ntags,2
265,James,Bartles,Male,1/12/2012,Della,Theresita,Quaxo,1
266,Jay,Yashaev,Male,1/31/2013,Moise,Salvador,Devpoint,2
267,Leshia,Sanderson,Female,9/27/2013,Denice,Tobin,Mycat,2
268,Tiffy,Glanz,Male,6/15/2015,Kirbie,Brod,Photofeed,1
269,Kizzie,Dod,Female,10/5/2014,Lucien,Isabelita,Izio,2
270,Madlen,Lethardy,Male,3/18/2014,Lennie,Reilly,Tambee,2
271,Estella,Brende,Female,2/16/2014,Frankie,Debbi,Wordware,1
272,Grover,Barstock,Female,8/15/2013,Lucie,Dorian,Skyba,1
273,Amalee,Marquiss,Female,12/15/2011,Keary,Jecho,Youbridge,2
274,Megan,Blyth,Female,4/22/2012,Marcus,Brien,Shuffledrive,1
275,Willette,Fibbit,Male,12/2/2013,Frank,Miguela,Fanoodle,2
276,Calida,Dymond,Male,8/11/2015,Daisy,Cordy,Jaxworks,2
277,Aharon,Ricardin,Female,3/2/2013,Audre,Fabiano,Photobug,2
278,Maurits,Petyanin,Male,12/25/2013,Jocelyn,Merlina,Buzzster,2
279,Ermanno,Polglaze,Male,8/24/2013,Giovanni,Karleen,Jayo,2
280,Ancell,Borrel,Non-binary,4/24/2012,Letty,Carin,Oozz,2
281,Keven,Latchford,Female,9/5/2013,Worthington,Clim,Jayo,1
282,Rona,Hammill,Male,10/25/2011,Budd,Juline,Photobug,2
283,Evita,Sirett,Female,3/13/2014,Wynne,Flynn,Skilith,1
284,Lorry,Sarle,Male,5/29/2015,Halsy,Wallis,Aimbo,1
285,Kate,Fannon,Male,2/27/2014,Beitris,Minda,Twimm,1
286,Paulina,Vale,Male,11/23/2014,Corrianne,Franky,Edgewire,2
287,Earl,Kelleway,Female,11/6/2013,Valery,Maitilde,Dabfeed,1
288,Culver,Daburn,Male,5/11/2014,Robinett,Cybill,Plajo,2
289,Antonie,Worcester,Male,2/15/2015,Evvie,Shem,Flashset,1
290,Magda,Cullrford,Female,2/4/2012,Ethan,Palm,Agimba,1
291,Jeremiah,Diack,Female,4/27/2012,Martino,Vidovic,Twinte,1
292,Lynett,Dibdin,Agender,6/8/2012,Dael,Clarice,Brightbean,1
293,Trace,Neenan,Male,9/20/2011,Packston,Jim,Oba,1
294,Miran,Gowans,Female,1/8/2015,Kimberli,Brinn,Jabbersphere,2
295,Orsa,Orrey,Female,7/30/2015,Harv,Colman,Yamia,1
296,Gillie,Bermingham,Male,6/23/2014,Ellery,Tabbatha,Tagtune,2
297,Mikaela,Madgwick,Male,12/5/2012,Nichol,Mace,Devcast,2
298,Maximo,Greenin,Female,4/7/2013,Wallas,Sabine,Voomm,2
299,Daron,Fellis,Female,5/11/2013,Imojean,Babbette,Gabvine,1
300,Dorothea,Haselwood,Female,4/23/2014,Lilah,Atlanta,Topiczoom,2
301,Pernell,Howgego,Female,11/25/2013,Birch,Zondra,Feedfish,1
302,Jaimie,Bebbell,Male,3/22/2013,Elvyn,Birdie,Jaloo,1
303,Rici,Dohms,Female,4/9/2013,Clark,Ernestus,Browseblab,2
304,Oralla,Braffington,Agender,9/1/2011,Sherry,Orv,Ntags,2
305,Elisa,Whiteley,Male,9/5/2014,Willy,Hermann,Kazio,2
306,Emalia,Kynson,Male,5/15/2015,Kip,Mal,Agimba,2
307,Kakalina,Standbrook,Male,7/23/2012,Wright,Anatola,Yabox,1
308,Billy,Dionis,Male,12/12/2013,Brier,Haily,Youspan,2
309,Kit,Fishbourn,Female,4/1/2014,Sydney,Raeann,Gabtune,2
310,Sayer,Romain,Genderfluid,4/11/2014,Archibold,Michal,Jaxworks,1
311,Welby,Dymott,Male,4/15/2012,Maryjane,Danika,Linktype,2
312,Darci,Brozsset,Male,12/31/2012,Shay,Elke,Jayo,1
313,Emelyne,Pierro,Male,8/14/2012,Webb,Gunar,Flashdog,2
314,Afton,Ninotti,Female,12/16/2013,Dulcie,Cathrine,Zooxo,2
315,Sofie,Duinbleton,Male,8/28/2015,Georgia,Evelin,Zoomlounge,2
316,Franciskus,Brittles,Male,1/25/2013,Fulvia,Catarina,Yakitri,2
317,Darline,Glandon,Female,9/11/2013,Jany,Hussein,Topicblab,1
318,Adara,Beringer,Male,9/1/2011,Quint,Edan,Eazzy,2
319,Maddie,Kennard,Female,4/15/2015,Roch,Sheba,Tagchat,2
320,Bobbe,Rangall,Female,1/22/2015,Thatcher,Rafaelita,Trunyx,2
321,Osgood,Darnborough,Bigender,7/20/2013,Fiann,Asia,Flipopia,1
322,Cory,Shackle,Female,7/31/2012,Camile,Stern,Thoughtblab,1
323,Denna,Bulluck,Male,10/20/2011,Brittney,Broddy,Photobean,1
324,Jocelin,Slora,Female,9/11/2012,Sigismundo,Starr,Yodel,2
325,Woodman,Cockman,Male,12/9/2012,Ninon,Guthry,Twitterworks,1
326,Wain,Jime,Genderfluid,12/20/2011,Cherida,Arlan,InnoZ,1
327,Twila,Bradmore,Male,10/1/2014,Shandie,Palmer,Meeveo,2
328,Marcus,Lemery,Female,11/26/2012,Jami,Sybilla,Skidoo,2
329,Alia,Whayman,Female,7/6/2015,Darius,Ronna,Realbridge,2
330,Maximilien,Shipcott,Male,10/20/2014,Marillin,Blaire,JumpXS,1
331,Robina,Exroll,Female,6/1/2015,Jordain,Ida,Tagchat,1
332,Walt,De Ferraris,Bigender,3/31/2012,Abel,Phylys,Zoombeat,2
333,Alf,Stiff,Female,10/4/2014,Eimile,Lyn,Mita,2
334,Vernon,Yateman,Male,2/12/2012,Rollin,Lizzy,Zoombox,1
335,Von,Kearton,Male,6/23/2015,Berget,Lyman,Devpoint,2
336,Dacie,Hunnam,Male,5/16/2014,Jose,Reece,Rhynyx,1
337,Silvie,Lepere,Female,2/24/2012,Skipper,Fair,Brainsphere,2
338,Thorpe,Trudgion,Female,7/8/2015,Tedman,Galvan,Oyope,1
339,Lucais,Hyrons,Female,11/11/2013,Miltie,Konstanze,Gabtune,2
340,Matthieu,Hoyer,Male,9/4/2012,Stefan,Herman,Zoomcast,2
341,Reine,Djorvic,Female,12/8/2013,Iolanthe,Ev,Leenti,1
342,Saree,Farquhar,Male,3/28/2013,Far,Margit,Muxo,1
343,Sallyann,Tawse,Male,7/10/2014,Kimberli,Babb,Buzzshare,1
344,Victor,Stonham,Female,1/25/2013,Hewett,Leticia,Buzzshare,2
345,Corella,Thumnel,Female,5/14/2015,Ole,Granny,Katz,1
346,Andy,Philipard,Female,6/12/2015,Hershel,Joey,Muxo,1
347,Idette,Bande,Female,5/4/2014,Camilla,Freddy,Kaymbo,2
348,Allyn,Wheldon,Female,12/21/2014,Ibbie,Donny,Pixope,2
349,Leslie,Rontree,Male,7/17/2013,Ransom,Licha,Edgepulse,2
350,Bibbie,Bortolomei,Male,11/14/2012,Ward,Stanislas,Gabspot,1
351,Bartolemo,Cleave,Male,2/12/2013,Maxwell,Bond,Dabjam,1
352,Korry,Leirmonth,Male,2/10/2012,Corry,Amata,Skimia,1
353,Aridatha,Bonicelli,Female,11/3/2011,Sydelle,Bethina,Flashset,1
354,Twila,Grinley,Female,12/3/2013,Tiphany,Jaime,Mycat,2
355,Lettie,Pennyman,Non-binary,7/19/2012,Fairlie,Calli,Lazzy,2
356,Blake,MacIlhargy,Female,8/21/2014,Conn,Dot,Chatterpoint,2
357,Daniele,McCloy,Male,7/11/2013,Teri,Koo,Babbleset,1
358,Felizio,Weinmann,Female,11/29/2011,Catlaina,Ann-marie,Eadel,1
359,Ilsa,Tettley,Male,9/11/2013,Ginger,Aloisia,Skidoo,1
360,Ardyce,Meriton,Male,7/23/2012,Benni,Antonella,Jetwire,1
361,Shandee,Scard,Male,11/21/2014,Josephina,Talbot,Devcast,1
362,Cristionna,Hegden,Polygender,7/3/2015,Padraic,Parker,Ainyx,1
363,Mignonne,Dumsday,Female,5/29/2015,Mathilde,Kyle,Eamia,1
364,Raynell,Behneke,Male,12/24/2014,Molli,Leonhard,Photojam,1
365,Adina,Gawthorpe,Female,2/15/2013,Curtis,Jobi,Minyx,1
366,Sheff,De Andreis,Male,10/12/2013,Fidole,Alick,Skinder,2
367,Mab,Canepe,Female,12/11/2011,Tracy,Reinald,Dynava,1
368,Dynah,Petrillo,Female,8/16/2013,Eustacia,Nester,Yozio,2
369,Leroi,Crumpe,Female,5/6/2012,Letitia,Rosene,Mudo,2
370,Lynnett,Gierardi,Female,12/13/2013,Britt,Wilfrid,Skinder,1
371,Winny,Scoggans,Male,3/29/2012,Kass,Sheri,Tambee,2
372,Shirlene,Palluschek,Male,6/10/2012,Alair,Drew,Zazio,2
373,Zarah,Symington,Male,1/1/2012,Kelby,Annetta,Voomm,1
374,Bernete,Westoff,Male,10/2/2014,Julianna,Marge,Eidel,2
375,Marlowe,Daniell,Female,3/3/2014,Thelma,Rosette,Youopia,2
376,Berkly,Stanett,Female,3/27/2015,Micaela,Elka,Photofeed,1
377,Dominga,Peat,Male,2/15/2014,Nancy,Saunders,Chatterbridge,2
378,Karlotte,Vaudre,Male,10/3/2011,Erinna,Lizabeth,Realcube,1
379,Carmelina,Ashbridge,Male,9/8/2012,Norrie,Curcio,Photobug,1
380,Ricardo,Barmby,Male,11/20/2014,Sascha,Alric,Buzzster,2
381,Alyson,Lindsell,Female,7/6/2012,Marmaduke,Jason,Meezzy,2
382,Valentine,McPherson,Male,3/4/2012,Elie,Randall,Mydo,2
383,Analiese,Bliven,Genderqueer,11/7/2013,Marc,Waite,Tagpad,2
384,Nathanial,Matczak,Female,8/27/2013,Annabela,Joye,Ailane,1
385,Lanny,Alyukin,Female,11/10/2012,Georgena,Kristien,Vimbo,1
386,Emmott,Barnaby,Male,11/5/2014,Donetta,Arlan,Zoomlounge,2
387,Trudey,Skarman,Female,6/5/2014,Joyan,Auberon,Trilia,1
388,Daloris,Skillicorn,Male,12/9/2013,Frederico,Link,Demivee,2
389,Ranna,Eagland,Male,8/29/2013,Brigida,Britney,Oyonder,1
390,Amitie,McGairl,Male,2/12/2015,Corey,Sayer,Demimbu,1
391,Karissa,Dickon,Female,12/3/2012,Halsey,Lura,Shuffletag,1
392,Laural,Hexum,Polygender,9/6/2012,Kenna,Oren,Jazzy,2
393,Quinlan,Franckton,Polygender,12/26/2014,Burl,Freddy,Quimm,2
394,Anissa,Semerad,Male,1/10/2013,Marguerite,Lilah,Browsecat,1
395,Aland,Ashlee,Male,7/13/2012,Gus,Amity,Voolith,1
396,Chickie,Asch,Female,12/12/2012,Flo,Garik,Mita,1
397,Linda,Haberjam,Male,10/6/2011,Killie,Cesya,Thoughtworks,2
398,Ad,Falco,Male,7/17/2013,Meryl,Jon,Leexo,1
399,Care,Reihill,Female,5/3/2013,Maddy,Marna,Kanoodle,1
400,Odelia,Bayston,Agender,12/19/2011,Giustino,Jarad,Lajo,2
401,Tedi,Nekrews,Female,3/3/2013,Galvin,Gordy,Edgeify,1
402,Adore,Rowan,Male,4/30/2012,Lorilee,Lissy,Blogtag,1
403,Thorn,Blencowe,Male,2/19/2014,Gilemette,Lavinie,Kayveo,2
404,Prudy,Duetsche,Female,8/1/2015,Johnathon,Durward,Thoughtsphere,2
405,Ariana,Shearmer,Male,4/20/2015,Irma,Britney,Roodel,1
406,Karoline,Gash,Female,6/6/2012,Bram,Frazer,Bubblebox,2
407,Liam,Sings,Male,12/15/2012,Wallis,Chauncey,Innotype,1
408,Denise,Huckleby,Female,10/1/2012,Emmi,Addie,Skiba,1
409,Truda,Welband,Male,1/4/2014,Marlane,Shea,Roomm,2
410,Kelcey,Dragonette,Male,6/23/2012,Estrella,Joanie,Bubblebox,1
411,Bridgette,Hachard,Female,5/21/2012,Mic,Caitrin,Vitz,2
412,Joy,Brobeck,Male,3/10/2013,Jessa,Fredelia,Twinte,2
413,Kimbra,Yuille,Female,3/13/2013,Shurlocke,Krissie,Brightbean,1
414,Harold,Dunckley,Female,1/17/2014,Bartel,Giorgio,Tagopia,1
415,Tabbie,Edgar,Female,10/2/2011,Amye,Joachim,Dabtype,1
416,Nataniel,Capinetti,Female,8/23/2012,Stanleigh,Esme,Feedfire,2
417,Aldus,Lindro,Male,10/21/2011,Brita,Foster,Babbleopia,2
418,Shaylah,Bottle,Female,7/6/2014,Kesley,Lacy,Youspan,2
419,Pammie,Maxweell,Male,11/11/2013,Analiese,Pattie,Browsedrive,1
420,Ericka,Ebourne,Female,2/28/2012,Cindee,Saudra,Yadel,1
421,Trstram,Macci,Male,4/16/2013,Ginnifer,Fabien,Photospace,2
422,Malory,Jonk,Male,4/10/2012,Irina,Barnie,Dabtype,1
423,Jammal,Reubens,Male,5/28/2012,Wesley,Steffen,Gabtype,1
424,Ramsay,Wither,Female,6/14/2012,Terri,Meredith,Geba,2
425,Yoshiko,Dies,Male,3/11/2013,Nat,Roseanne,Flashset,2
426,Nicky,Rawes,Female,2/13/2012,Sibylla,Gerry,Jatri,1
427,Bourke,Upson,Female,10/10/2011,Nathanael,Wildon,Skyba,1
428,Bernetta,Barkaway,Female,1/23/2013,Karlotta,Kenna,Vitz,1
429,Cynthie,Marthen,Female,8/26/2014,Daniella,Tracy,Aimbo,2
430,Patricio,Meakin,Male,11/17/2012,Eloise,Ashley,Oozz,2
431,Ivonne,World,Male,10/6/2011,Kit,Nestor,Skiba,1
432,Joey,McJury,Male,3/24/2012,Sibeal,Ginger,Skyble,1
433,Tammie,Alabone,Agender,12/8/2013,Alasdair,Georges,Trunyx,1
434,Emmie,Laba,Genderfluid,4/7/2013,Carita,Sterne,Skidoo,2
435,Blinny,Upwood,Male,3/15/2013,Lonee,Kirby,Eidel,2
436,Carmine,Budd,Female,5/3/2012,Milton,Cobbie,Wikizz,2
437,Walker,Capron,Male,8/30/2015,Elysha,Judi,Devpulse,2
438,Hollyanne,Tomaszewicz,Male,5/3/2014,Enrica,Laverne,Kazu,1
439,Johna,Kordova,Polygender,11/29/2012,Alleen,Rosemary,Voomm,1
440,Brit,Craze,Male,12/29/2012,Maria,Gilli,Jayo,1
441,Babs,Swaysland,Male,4/21/2013,Stesha,Myrta,Oyoyo,2
442,Ronica,Proppers,Female,3/7/2015,Drugi,Carolynn,Centimia,1
443,Sasha,Corsor,Female,8/9/2013,Jasmin,Mose,Dabtype,1
444,Grethel,Husset,Male,8/7/2015,Laural,Rudolf,Fanoodle,2
445,Lotta,Ucceli,Male,6/17/2015,Reeba,Maighdiln,Oyoyo,1
446,Gerrie,Bonehill,Female,11/5/2012,Leandra,Goldi,Twitterlist,1
447,Buckie,Ezzle,Male,8/29/2015,Borden,Minette,Kanoodle,2
448,Kizzie,Columbine,Male,6/30/2012,Eleanor,Rolph,Realblab,2
449,Bobbie,Cobbing,Male,9/28/2012,Sofia,Carolan,Mycat,1
450,Dasha,Traite,Male,4/8/2014,Nicola,Opaline,Linktype,1
451,Janetta,Dressell,Male,8/26/2015,Sheelagh,Rob,Blogpad,2
452,Randall,Barnfield,Female,2/5/2012,Alysia,Audi,Agimba,1
453,Vonni,Mullin,Female,3/21/2013,Malva,Van,Browsebug,2
454,Reg,Watting,Female,2/19/2012,Cathyleen,Jodie,Mycat,2
455,Stanley,Monks,Female,1/15/2012,Whit,Goober,Skyvu,2
456,Cori,Oolahan,Male,11/25/2012,Ruy,Darrelle,Twitterlist,2
457,Killian,Cater,Female,1/23/2015,Daven,Kristo,Dabjam,1
458,Angil,Grundy,Male,12/24/2011,Fernandina,Joete,Bubblemix,1
459,Winston,Coltan,Bigender,7/29/2013,Malvina,Joye,Jabberstorm,2
460,Elianora,Killshaw,Male,4/7/2014,Celia,Arielle,Oloo,1
461,Elsa,Yakutin,Female,7/3/2012,Joelle,Antonie,Jatri,2
462,Melodie,Maine,Female,10/15/2011,Elisha,Kurtis,Agimba,2
463,Gena,Hollyman,Non-binary,1/14/2013,Pauly,Sharline,Kimia,1
464,Vallie,Beetles,Male,5/21/2015,Mauricio,Gael,Bluejam,2
465,Jada,Lindenman,Male,9/4/2014,Barrett,Toddy,Cogidoo,1
466,Consolata,Augur,Male,9/9/2013,Rozalin,Carlo,Buzzshare,2
467,Gail,Farnish,Female,11/6/2012,Kellina,Bax,Zooveo,2
468,Jdavie,Chard,Male,7/20/2013,Tamra,Dina,Trunyx,2
469,Hartwell,Drakeley,Female,1/21/2014,Weston,Thurston,Wikivu,1
470,Tanitansy,Lowther,Female,12/4/2012,Dolf,Belinda,Jabbercube,1
471,Cherie,Himsworth,Female,12/2/2011,Christophorus,Fanny,Skajo,2
472,Pail,Weadick,Male,4/21/2015,Lyle,Hubert,Zooveo,1
473,Ivy,Bridgen,Male,3/6/2012,Moina,Hogan,Photojam,1
474,Porty,Lowdiane,Female,1/31/2015,Freddi,Giana,Yotz,1
475,Emylee,Shawel,Female,5/2/2014,Federica,Gerti,Leenti,2
476,Hayward,MacKellen,Male,4/29/2014,Reta,Trula,Oyoyo,1
477,Charita,Mabee,Male,8/27/2013,Ase,Donaugh,Fivebridge,2
478,Lelah,Huyghe,Female,10/16/2011,Evin,Estel,Vinte,2
479,Audre,Balsdon,Male,10/16/2012,Tore,Delphine,Quimm,1
480,Melesa,Carillo,Non-binary,7/23/2013,Ferdy,Benetta,Thoughtblab,1
481,Penny,Nertney,Male,4/24/2012,Daveen,Flynn,Jayo,2
482,Devan,Soppett,Female,7/16/2015,Curran,Ailyn,Avavee,2
483,Philippe,Plume,Female,8/16/2013,Theresa,Lucilia,Photojam,1
484,Hunt,Zamboniari,Female,12/1/2013,Gradeigh,Agata,Thoughtstorm,1
485,Ralina,O'Lunny,Male,5/29/2014,Nady,Carine,Camimbo,2
486,Marianne,Doig,Female,11/8/2011,Theresina,Jacquelin,Cogibox,1
487,Hildegaard,Loveredge,Female,2/3/2012,Marysa,Mada,Jaxbean,1
488,Renee,Ingray,Male,7/26/2012,Chicky,Oralie,Rhycero,1
489,Stevana,Baddiley,Male,2/16/2015,Riane,Kathryn,Meevee,1
490,Rafaelita,Punshon,Male,11/9/2011,Bernard,Sacha,Browseblab,1
491,Dacie,Harnetty,Female,3/24/2012,Melisenda,Leicester,Edgeify,2
492,Davidde,Linch,Male,1/22/2015,Michal,Conrade,Oyoloo,1
493,Helsa,Parham,Male,5/4/2014,Wit,Emyle,Tambee,2
494,Gustave,Pickervance,Male,11/3/2012,Cordey,Shela,Realbridge,1
495,Stearn,Quilleash,Female,9/18/2011,Winnie,Sancho,Meevee,2
496,Bernhard,Pakes,Male,4/9/2013,Eula,Anthiathia,Thoughtstorm,1
497,Zebadiah,Nudde,Male,11/9/2011,Linnet,Derrick,Tagchat,1
498,Edgardo,Bickell,Genderqueer,3/31/2014,Sapphire,Elyse,Oozz,2
499,Alane,Biddiss,Female,7/29/2012,Isadora,Timofei,Dynabox,1
500,Marylynne,Hinckesman,Female,10/10/2014,Agosto,Garvy,Shuffledrive,2
501,Leslie,Hann,Female,5/24/2013,Quinn,Tudor,Meembee,1
502,Johna,Degue,Male,2/17/2012,Ellis,Ammamaria,Oodoo,1
503,Leupold,Paladino,Female,4/30/2014,Kristi,Marquita,Skaboo,1
504,Adham,Purrier,Genderqueer,5/17/2012,Ody,Sibylla,Wordware,1
505,Adlai,Trippitt,Male,8/22/2013,Lynde,Genevra,Brightdog,2
506,Anthony,Paolazzi,Male,12/17/2013,Nathanael,Shea,Brainverse,2
507,Muhammad,Daysh,Male,4/14/2015,Son,Leese,Oyoba,1
508,Reyna,Dudson,Male,4/27/2015,Matthew,Marge,Jetwire,1
509,Olivia,Elsay,Male,6/29/2014,Lazare,Charley,Twitterbeat,1
510,Rica,Greensitt,Female,8/21/2013,Marillin,Terrel,Gigazoom,2
511,Puff,Wattam,Female,6/29/2013,Bili,Valida,Quinu,2
512,Claudina,Biasetti,Female,2/20/2014,Kimberly,Ange,Twitterbeat,2
513,Terrance,Sibary,Female,6/4/2015,Son,Vincenz,Shuffledrive,2
514,Celinka,Skey,Female,9/23/2014,Bobby,Alberta,Thoughtblab,1
515,Dew,Bartlett,Female,11/23/2014,El,Cynthie,Fanoodle,2
516,Gaye,Dallison,Female,5/26/2015,Karlyn,Desiree,Cogidoo,2
517,Terry,Lillow,Male,8/10/2013,Jonis,Cordula,Oloo,1
518,Shel,Vice,Female,1/23/2015,Con,Andrej,Podcat,2
519,Drucy,Greet,Female,10/18/2011,Richy,Adriena,Zoomlounge,1
520,Ingelbert,Sessuns,Female,7/14/2013,Luca,Brucie,Trilith,1
521,Zak,Lillee,Female,8/26/2013,Dominga,Giavani,Browsezoom,2
522,Mirilla,Davidow,Polygender,11/21/2014,Woodrow,Valencia,Eayo,1
523,Buiron,Crauford,Female,3/18/2012,Chryste,Cozmo,Voolith,2
524,Gizela,Oke,Male,4/30/2015,Jarred,Bethanne,Quinu,2
525,Candace,Glowacz,Bigender,1/3/2015,Rubin,Emera,Meevee,2
526,Rockey,Center,Male,1/30/2014,Clayborne,Serge,Yoveo,2
527,Lannie,Bessey,Female,2/6/2012,Gwenny,Theodore,Browsecat,1
528,Blanche,Edling,Female,11/2/2012,Dore,Hanny,Yozio,1
529,Yevette,Crimpe,Female,4/15/2015,Sophronia,Viva,Dazzlesphere,1
530,Kimmy,Brody,Female,3/13/2012,Nikolaus,Corene,Meembee,1
531,Burnaby,Gosby,Male,9/9/2013,Burt,Thebault,Wikizz,2
532,Bearnard,Swainston,Genderfluid,1/11/2013,Bellanca,Cairistiona,Photolist,1
533,Chrissie,Torrans,Genderqueer,8/2/2014,Gearard,Bennie,Youspan,2
534,Marc,Bailey,Female,9/28/2014,Rosanna,Brandy,Voomm,1
535,Merl,Pudner,Male,10/3/2014,Janelle,Charlot,Tambee,2
536,Ivar,Noddings,Male,5/5/2013,Shirl,Dex,Oyoba,2
537,Maryjo,Dewicke,Female,2/9/2012,Henrieta,Nixie,Youspan,1
538,Kippar,Lambrecht,Male,6/24/2012,Catlee,Saba,Latz,1
539,Donielle,Selwyne,Agender,3/3/2015,Benjie,Constantine,Livepath,1
540,Kerstin,Escreet,Male,10/28/2013,Ailyn,Rebeka,Innotype,1
541,Theresina,Woolnough,Female,9/19/2014,Darrelle,Katerine,Bluejam,1
542,Marie,Antuk,Female,8/11/2015,Arlyn,Nannie,Zoomlounge,1
543,Dolorita,Borrows,Female,11/20/2011,Gannon,Abraham,Blogtags,2
544,Cass,Seivertsen,Female,3/1/2015,Margery,Benoite,Livefish,2
545,Trumaine,Goncalo,Agender,1/9/2012,Merill,Wenona,Dazzlesphere,1
546,Frank,Mersh,Male,9/4/2014,Adrianna,Arda,Jetpulse,1
547,Magdalene,Treend,Female,10/20/2011,Christal,Ninette,Rhybox,2
548,Blanca,Arnaez,Female,4/27/2015,Timoteo,Emilie,Meemm,2
549,Shirline,Saben,Male,2/7/2012,Vivianne,Cristionna,Twimm,2
550,Grace,Fernie,Male,6/20/2014,Darla,Zorah,Topiczoom,2
551,Theda,Ryam,Male,6/15/2013,Dalila,Hailey,Lazzy,2
552,Ginny,Sebyer,Female,12/22/2014,Kimmy,Pierre,Zooveo,2
553,Jesse,Worsall,Female,4/24/2015,Blair,Sena,Edgeclub,2
554,Sammy,Ferrarotti,Female,7/23/2013,Mose,My,Voolia,2
555,Alta,Ianittello,Female,1/3/2013,Lavinia,Delmar,DabZ,1
556,Joye,Sleit,Male,7/29/2013,Athena,Danni,Camimbo,2
557,Hanny,Cullity,Male,7/1/2015,Kristopher,Melesa,Yata,1
558,Fair,Brandi,Male,6/14/2012,Luise,Armando,Avamm,1
559,Derry,Crowest,Male,8/2/2015,Shae,Ludvig,Flashdog,2
560,Sasha,Tukesby,Female,5/19/2013,Adria,Randi,Yotz,2
561,Jeffry,De Blasio,Female,6/9/2012,Ulla,Mohammed,Youspan,2
562,Mildrid,Blurton,Male,7/4/2013,Bartolemo,Inesita,Zoomlounge,2
563,Benedetto,Staker,Polygender,9/11/2012,Codee,Shem,Fliptune,1
564,Yalonda,Cranch,Male,4/8/2015,Mandie,Robinson,Eidel,1
565,Andeee,Dorrity,Male,7/25/2015,Maryrose,Germaine,Avamm,1
566,Aron,Cosslett,Male,7/16/2013,Benn,Nollie,Fliptune,2
567,Agretha,Ivanchikov,Male,9/23/2011,Coralie,Joey,Thoughtstorm,1
568,Desirae,Tondeur,Male,7/15/2014,Odille,Emmeline,Wordtune,1
569,De witt,Moorton,Male,6/6/2014,Dewie,Dacy,Riffpath,1
570,Etti,Ehlerding,Female,11/23/2012,Friedrich,Nicholle,Yata,2
571,Stavros,Rhead,Female,11/20/2014,Mano,Janelle,Abatz,1
572,Ansley,Took,Female,8/17/2015,Eloise,Louisette,Flipbug,2
573,Langston,Janjic,Female,1/6/2014,Finley,Shea,Thoughtworks,2
574,Yasmin,Jinkins,Male,9/4/2011,Ernie,Aloin,Photofeed,2
575,Corry,Lassells,Female,11/24/2011,Algernon,Gwyn,Shufflester,2
576,Kareem,Shieldon,Female,4/11/2012,Cristabel,Arleen,Browsecat,2
577,Blair,Troyes,Male,12/19/2013,Farrell,Staford,Eayo,1
578,Ivy,Briscam,Female,1/7/2014,Clemmy,Reine,Oyondu,1
579,Billie,Keyte,Female,4/10/2013,Mason,Ed,Mycat,2
580,Rhodie,Lissimore,Female,1/9/2012,Der,Costa,Eidel,2
581,Jeannie,Clausen-Thue,Agender,12/17/2012,Marjorie,Lowell,Innotype,2
582,Lonnard,Stivey,Female,5/2/2014,Obie,Stavro,Trupe,1
583,Jany,Batcock,Male,9/13/2012,Teddy,Germain,Zoomdog,2
584,Demetris,Aslett,Genderqueer,7/23/2013,Terrie,Gladi,Yakitri,2
585,Tammy,Elcombe,Male,7/13/2013,Michelina,Brigham,Tagtune,1
586,Eddy,O'Gaven,Male,8/26/2013,Tobiah,Hector,Bubblemix,2
587,Stacee,Martine,Male,9/6/2013,Loren,Janetta,Rhybox,2
588,Vivyanne,Aughtie,Male,6/23/2013,Husein,Egon,Photolist,1
589,Flinn,Tollfree,Male,3/12/2013,Nora,Barbaraanne,Twinder,2
590,Indira,Verna,Female,6/24/2012,Moshe,Sylvan,Skimia,1
591,Maximilianus,Hannam,Genderfluid,12/11/2012,Matthaeus,Binnie,Einti,1
592,Galvan,Pioch,Female,12/4/2013,Sissy,Malena,Kwilith,2
593,Margi,Sentance,Male,4/26/2015,Fancy,Cherin,Devbug,1
594,Ches,Thornebarrow,Female,1/14/2014,Moritz,Laina,Oodoo,1
595,Evelin,Myott,Female,8/2/2015,Henry,Staci,Brainverse,2
596,Emmalyn,Piegrome,Male,12/18/2014,Tony,Sande,Ntag,2
597,Lindy,Wallman,Male,11/27/2012,Jourdain,Alyson,Ooba,1
598,Kori,Feavers,Female,12/7/2011,Aida,Pinchas,Devpoint,2
599,Gussy,Dowdell,Female,7/8/2014,Danella,Katherina,Gabspot,1
600,Merci,Tutsell,Female,12/1/2014,Whit,Zulema,Kamba,1
601,Kameko,Sherer,Male,8/4/2012,Owen,Hill,Livetube,2
602,Amye,Barwis,Male,6/5/2012,Drucill,Blair,Fivespan,1
603,Louisa,McRamsey,Non-binary,8/23/2015,Ingamar,Lorry,Agivu,1
604,Aveline,Peggram,Female,1/18/2015,Jordan,Miles,Twitterwire,2
605,Valerie,MacDonagh,Male,7/4/2014,Blanche,Winfred,Camido,1
606,Ileana,Paolicchi,Male,6/3/2012,Regan,Silas,Kamba,2
607,Warden,McDonnell,Female,12/23/2013,Rooney,Ronnie,Topicblab,2
608,Cristi,Hargrove,Male,8/16/2012,Johannah,Dora,Mymm,1
609,Warde,Fullwood,Female,10/19/2011,Tabina,Iosep,Photobean,1
610,Tristan,Parman,Male,12/18/2012,Emylee,Quent,Dabjam,1
611,Patience,Turfin,Female,3/23/2012,Deeyn,Phillip,Meetz,2
612,Melva,Bradburn,Female,7/1/2014,Eva,Viviana,Browsezoom,1
613,Robinett,Kingaby,Male,2/27/2015,Emmy,Violette,Browseblab,1
614,Jennee,Portch,Male,4/1/2012,Karie,Marcelline,Jabbersphere,2
615,Tomi,Murrison,Bigender,5/11/2015,Roderich,Kala,Twitterbeat,1
616,Freddi,Phillps,Female,11/10/2011,Deedee,Ralina,Eidel,2
617,Hagan,Rawne,Female,10/4/2014,Sheri,Melodie,Skimia,2
618,Frieda,Peart,Female,3/2/2012,Ingeborg,Sybilla,Kwimbee,1
619,Lucien,Crean,Female,12/8/2013,Yance,Emili,Chatterbridge,1
620,Gilemette,Vezey,Male,3/12/2013,Fannie,Merissa,JumpXS,2
621,Janith,Amburgy,Male,4/17/2013,Miriam,Rozanne,Agivu,2
622,Cross,Oleksinski,Male,1/14/2015,Cirstoforo,Eleanor,Skyble,1
623,Krystle,Davage,Male,7/27/2012,Myrtia,Francklin,Thoughtstorm,2
624,Doria,Oulet,Polygender,7/28/2014,Aland,Sigfrid,Yata,2
625,Normie,Cleave,Female,3/20/2015,Owen,Darcy,Lajo,2
626,Waly,Tomet,Female,2/9/2014,Magdaia,Augustine,Gabtune,2
627,Wadsworth,Gores,Female,12/20/2011,Neille,Evonne,Mybuzz,1
628,Kyrstin,Liebermann,Male,12/8/2011,Phillis,Terence,Voomm,2
629,Deni,Baudin,Female,11/3/2011,Merci,Selby,Skippad,1
630,Ceciley,Kubicki,Female,7/28/2015,Paolo,Harlen,Topiclounge,2
631,Jordanna,Siley,Genderfluid,4/22/2013,Kerr,Normie,Voolia,1
632,Bobbette,Whiteley,Male,2/7/2013,Marsh,Clayson,Skyba,2
633,Peyton,Addekin,Polygender,5/11/2013,Carine,Sena,Yoveo,1
634,Lief,Barajaz,Polygender,2/19/2012,Craig,See,Agivu,2
635,Esmaria,Tawn,Male,7/20/2013,Joya,Antonie,Kayveo,1
636,Suzanne,Guiso,Female,6/4/2013,Brigg,Una,Kare,2
637,Korella,Lavelle,Male,5/12/2013,Nessa,Hollis,Fivebridge,2
638,Harold,Heminsley,Agender,10/16/2012,Mina,Moss,Dabjam,2
639,Minnaminnie,Vaneev,Male,5/26/2014,Jerry,Barn,Demivee,2
640,Amitie,Elvy,Male,10/6/2013,Michele,Marcelle,Vinte,2
641,Markus,Madill,Male,8/21/2014,Corrina,Raeann,Flipbug,2
642,Carmon,Phear,Male,1/9/2013,Anjanette,Amble,Bubblebox,1
643,Freddie,Eldered,Female,6/25/2015,Carolan,Kinnie,Meejo,1
644,Vallie,Payton,Male,10/8/2012,Zsazsa,Jobey,Tagpad,1
645,Rafaello,Shelp,Female,12/25/2014,Florencia,Leonore,Skinder,1
646,Elana,Dupree,Genderqueer,4/9/2012,Sher,Sonnie,Podcat,1
647,Davita,Reder,Male,7/21/2013,Daphne,Lelah,Trunyx,2
648,Zedekiah,Anstie,Bigender,9/8/2011,Morton,Zedekiah,Divanoodle,2
649,Cassie,Margaritelli,Female,9/20/2011,Hube,Bette-ann,Zoozzy,1
650,Sinclair,Blacklock,Female,5/5/2015,Giraldo,Annie,Tagopia,2
651,Farrell,Nise,Bigender,1/8/2013,Karel,Hinze,Quaxo,1
652,Georgena,Richings,Male,5/22/2015,Jacob,Isidora,Trudoo,1
653,Kahlil,Buie,Genderfluid,9/28/2012,Odo,Waneta,Shuffletag,2
654,Drusi,Beckenham,Female,4/14/2012,Drusi,Adriana,Kimia,2
655,Bogey,Andresen,Female,1/23/2012,Marlo,Alec,Babbleopia,2
656,Jobi,Dreossi,Polygender,4/15/2015,Rowland,Tripp,Rooxo,1
657,Isacco,Holston,Female,6/28/2012,Gran,Shaylah,Rhynoodle,2
658,Andris,Somerbell,Genderqueer,3/27/2015,Madelyn,Dru,Oyope,1
659,Casey,Kelshaw,Female,2/24/2015,Lacee,Waldemar,Meedoo,1
660,Dru,Lorryman,Female,8/15/2012,Lucho,Dana,Avamba,1
661,Gothart,Duigan,Female,2/19/2014,Rhonda,Tanner,Oodoo,2
662,Jarred,Aggas,Polygender,1/14/2014,Wolfie,Imogene,Buzzshare,2
663,Emili,Matyja,Male,1/5/2013,Zared,Keelby,Meevee,1
664,Sherilyn,Jilkes,Male,3/22/2012,Hettie,Tamera,Fiveclub,1
665,Jacklin,Scoyne,Male,1/29/2015,Florrie,Felic,Feedspan,1
666,Kip,Bannell,Female,10/18/2012,Phoebe,Everard,Agivu,1
667,Miles,Pavitt,Female,7/27/2015,Rudiger,Brande,Eidel,1
668,Hedvig,Abbot,Male,3/20/2014,Judas,Waneta,Edgepulse,2
669,Melisa,Fibbens,Male,3/31/2015,Chloe,Earlie,Meejo,2
670,Jecho,Ebbrell,Female,11/2/2014,Indira,Rosanna,Devpulse,1
671,Barris,Traves,Female,11/18/2013,Ernesta,Val,Meejo,1
672,Norrie,Kencott,Female,7/25/2012,Alanna,Adler,Zava,2
673,Randell,Gummow,Female,8/1/2013,Diane-marie,Lief,Yombu,1
674,Robby,Scrivener,Male,11/19/2014,Nealon,Stoddard,Avamm,1
675,Gonzales,Blanchard,Female,6/4/2013,Morty,Winfield,Browsezoom,2
676,Marcela,Gath,Female,11/5/2011,Liza,Zoe,Devcast,2
677,Meryl,Laytham,Female,11/22/2012,Gordy,Major,Yodel,2
678,Jacinda,Gelderd,Female,5/12/2015,Hanan,Celeste,Shufflebeat,2
679,Ilyssa,Fortie,Female,5/21/2015,Ervin,Crawford,Jaxbean,1
680,Pascale,Casini,Female,5/14/2013,Aurlie,Torrence,Riffwire,1
681,Katlin,Maulden,Female,2/19/2013,Bell,Whitman,Tambee,2
682,Perkin,Caughey,Polygender,10/16/2012,Elisha,Heidie,Mymm,2
683,Leopold,Banton,Female,7/21/2012,Mercedes,Nobie,Skynoodle,1
684,Brittaney,Cumberpatch,Female,8/24/2013,Melicent,Harriett,Quimm,1
685,Glynda,Lidierth,Male,1/23/2015,Ted,Jannelle,Skyvu,2
686,Lukas,Gallon,Female,12/12/2011,Pammy,Quincy,Youfeed,1
687,Massimo,Bedminster,Female,4/13/2014,Wynnie,Debee,Abatz,2
688,Franciska,Betonia,Male,7/11/2012,Barbaraanne,Nathalia,Fadeo,2
689,Kathrine,Ducastel,Agender,5/10/2012,Jsandye,Jobey,Skinte,1
690,Jaymee,Mannakee,Female,10/2/2012,Sylvan,Zandra,Centimia,1
691,Cam,Riccardini,Male,2/1/2015,Josie,Otha,Tagopia,1
692,Jamima,Cossor,Female,11/5/2013,Sonnie,Koralle,Topicware,1
693,Red,Braybrook,Female,5/12/2012,Roxi,Virge,Riffpedia,1
694,Agnese,Wahlberg,Genderqueer,7/18/2013,Olympia,Ulric,Yakijo,2
695,Erasmus,Simmers,Agender,12/29/2014,Orelia,Tamra,Agimba,2
696,Amye,Berni,Female,10/3/2014,Gearalt,Karyn,Realbridge,2
697,Korney,Perring,Female,9/23/2013,Orlando,Giorgi,Skyba,1
698,Tiphany,Yepiskov,Female,6/27/2015,Kermy,Liane,Photospace,2
699,Jeannette,Kocher,Female,7/7/2013,Adara,Gibbie,Realpoint,1
700,Brig,Tremontana,Female,3/1/2014,Lewiss,Gerrard,Dablist,2
701,Hiram,Birkenshaw,Female,7/3/2013,Erick,Valry,Dabjam,1
702,Louis,Gabbatiss,Female,2/22/2012,Sacha,Laetitia,Dazzlesphere,2
703,Christoforo,Gillon,Female,2/14/2012,Lynnet,Jerri,Topicblab,2
704,Tatum,Daughton,Male,4/8/2015,Leena,Margret,Quimba,1
705,Amberly,Wones,Male,7/22/2013,Jamal,Selene,Linkbridge,1
706,Suzanna,Richardeau,Male,5/7/2013,Daria,Natty,Realblab,2
707,Jamima,Heed,Male,9/10/2011,Verne,Jorgan,Blognation,1
708,Sandy,Helks,Female,4/2/2013,Thorpe,Sonia,Jayo,2
709,Gabbi,Dowdell,Male,6/22/2013,Holden,Eloise,Katz,2
710,Faustine,Trimmell,Female,12/22/2013,Jacquelin,Cari,Meejo,1
711,Keelia,McBoyle,Female,3/21/2015,Naomi,Beatrisa,Twitterwire,2
712,Wanids,Jaffrey,Male,7/12/2013,Norma,Pernell,Pixonyx,2
713,Flint,Donlon,Male,3/10/2015,Ynes,Boot,Flashdog,1
714,Emile,Sprules,Female,2/18/2014,Merry,Laural,Jayo,1
715,Ferne,Poure,Male,5/21/2015,Nikita,Eziechiele,Jabberstorm,1
716,Antoine,Haycox,Male,9/14/2014,Ranna,Jemimah,Omba,2
717,Henka,Tartt,Female,5/31/2014,Janifer,Hester,Flipstorm,2
718,Glennis,Eastlake,Male,10/25/2012,Lynea,Cherianne,Browsezoom,2
719,Norris,Denness,Female,7/13/2014,Staci,Maurizio,Aibox,1
720,Michele,Keford,Male,3/15/2015,Stanwood,Gretchen,Skyndu,2
721,Chere,Vinson,Genderqueer,3/4/2013,Marcie,Rabi,Meevee,1
722,Natalie,Swynfen,Female,10/6/2013,Abbe,Teddie,Topicstorm,1
723,Zane,Slaght,Female,12/15/2011,Kyle,Delly,Jetwire,1
724,Penni,Nobriga,Male,5/27/2014,Helen-elizabeth,Clarette,Avamba,1
725,Deb,Martina,Polygender,3/22/2013,Murdock,Roxanne,Eazzy,2
726,Alix,McGonnell,Male,10/20/2012,Elysee,Raina,Wikibox,2
727,Poppy,Denniston,Female,11/12/2012,Marin,Chicky,Zazio,1
728,Dino,Behr,Male,12/20/2012,Harwilll,Erma,Talane,1
729,Nikolai,Paynton,Male,4/6/2015,Derril,Kleon,BlogXS,2
730,Kalindi,Abella,Male,12/5/2011,Brina,Lolly,Brainverse,1
731,Lina,Jedrzejczyk,Female,9/13/2014,Katusha,Godard,Yakitri,2
732,Darrick,Shellard,Male,3/27/2013,Leslie,Steffi,Miboo,1
733,Eunice,Brazur,Male,1/16/2012,Ambrosio,Kore,Vinder,1
734,Livvyy,Vasquez,Female,9/15/2011,Georgianne,Jorrie,Rhyzio,1
735,Hyacintha,Figgen,Female,6/2/2012,Lynnett,Nanci,Jetpulse,1
736,Reggis,Daniello,Female,10/16/2014,Raffarty,Dynah,Feedfire,1
737,Braden,Berrane,Male,4/30/2015,Lizette,George,Quatz,1
738,Gil,Wyrall,Female,12/13/2011,Fern,Parrnell,Oyoba,2
739,Emylee,Yurygyn,Male,4/24/2014,Cinderella,Murvyn,Centizu,2
740,Rori,Colvill,Female,4/8/2014,Chaddy,Jillana,Leenti,1
741,Margot,Ibbitson,Female,2/24/2015,Rutherford,Giselle,Skipstorm,1
742,Brenden,Greengrass,Female,11/20/2012,Nesta,Nerte,Divape,1
743,Pepi,Marte,Female,12/30/2013,Ernestine,Ruperto,Zoombox,2
744,Lindi,Veare,Female,8/27/2014,Whitman,Brynna,Dabfeed,1
745,Randi,Slucock,Male,8/16/2015,Elisha,Robinett,Edgeclub,1
746,Tate,Guitton,Polygender,7/9/2014,Penrod,Alexa,Babbleopia,1
747,Farris,Queree,Female,11/11/2013,Tyler,Stefanie,Zazio,2
748,Janina,Goulstone,Male,6/20/2012,Ema,Ellette,Kwinu,1
749,Samara,McCuaig,Female,9/6/2012,Kerrie,Sheffy,Yamia,2
750,Austin,Sangwin,Female,7/7/2014,Nichols,Jesse,Zoomlounge,2
751,Jasmina,Langforth,Male,4/3/2012,Sibilla,Meara,Voolia,1
752,Marve,Geaney,Male,4/15/2014,Sarita,Hy,Realmix,1
753,Alyda,Drinkel,Male,8/22/2012,Katerine,Deva,Mita,2
754,Karry,McLean,Male,10/5/2011,Isaak,Barn,Topiclounge,2
755,Jorgan,Beggan,Male,2/28/2015,Carlye,Chrissy,Thoughtblab,2
756,Ned,Mathouse,Female,11/12/2013,Rubi,Hubey,Kayveo,2
757,Harrietta,Chumley,Female,1/20/2012,Chicky,Sophia,Mybuzz,1
758,Florida,Forestall,Male,11/2/2012,Chevy,Amii,Fatz,1
759,Dodie,Potteril,Female,10/5/2011,Corly,Wait,Twitterbridge,2
760,Lacey,Addeycott,Female,8/28/2013,Janelle,Diane,Jabbersphere,1
761,Yoshiko,Cona,Male,12/23/2011,Enoch,Edmund,Voomm,1
762,Maggi,Readwood,Male,2/7/2014,Malvin,Xylia,Divavu,2
763,Davon,Regglar,Female,12/27/2012,Sella,Mahmud,Aimbu,1
764,Laird,Dainty,Female,6/27/2015,Elvina,Lethia,Tekfly,2
765,Melvin,Halfhyde,Polygender,5/12/2012,Stefan,Clemmie,Wordpedia,2
766,Emlen,Dumingo,Female,11/19/2014,Greg,Trip,Skyvu,2
767,Aliza,Tarbett,Female,4/6/2014,Lambert,Stuart,Twitterlist,1
768,Rosalynd,Henrion,Female,1/26/2013,Jerrilyn,Arney,Feedmix,1
769,Agata,Martyn,Male,11/23/2013,Keely,Avrom,Thoughtbeat,2
770,Basia,Oswal,Male,7/6/2015,Theadora,Corry,Meetz,2
771,Trumaine,Beggs,Female,8/31/2012,Joscelin,Tami,Yadel,1
772,Loreen,MacCauley,Female,6/7/2015,Pris,Husein,Mita,1
773,Lynea,Zorzi,Female,1/24/2013,Jennie,Val,Brainsphere,1
774,Hans,Bolstridge,Male,11/29/2012,Aubree,Gino,Oloo,2
775,Irvine,Roycroft,Bigender,8/11/2013,Thomas,Marysa,Realbuzz,1
776,Thorstein,Valente,Genderqueer,3/11/2014,Alexandros,Cameron,Thoughtbridge,2
777,Rosemonde,Grovier,Male,4/7/2015,Selia,Roobbie,Skynoodle,1
778,Pepe,Elsey,Female,12/4/2014,Nonah,Britni,Skipfire,2
779,Nick,Jurzyk,Male,12/26/2014,Bari,Tracy,Youtags,2
780,Katharina,Joscelyne,Male,4/17/2014,Letta,Stafani,Linktype,2
781,Skip,Geipel,Female,9/25/2014,Loleta,Agnella,Flashpoint,2
782,Parrnell,Penrith,Female,9/4/2011,Barb,Husain,Gigaclub,1
783,Reggis,Ferandez,Female,3/18/2014,Nyssa,Janel,Thoughtblab,2
784,Valentine,Bischof,Male,6/28/2014,Margette,Berkley,Oba,2
785,Adah,Townson,Male,5/2/2013,Gay,Flore,Teklist,2
786,Andy,Yosifov,Female,6/15/2015,Meade,Delila,Gabcube,1
787,Tracey,Milham,Female,1/2/2015,Helga,Claresta,Latz,1
788,Tammie,Meynell,Female,4/10/2014,Lee,Sloan,Dabtype,2
789,Haywood,Tithecote,Male,10/28/2013,Burk,Natasha,Topicware,1
790,Caye,Gove,Male,8/13/2013,Jock,Yolande,Bluezoom,2
791,Armstrong,Nutman,Female,1/5/2012,Nonah,Aldric,Meedoo,2
792,Mariska,Bront,Female,9/20/2013,Gualterio,Lou,Yakijo,2
793,Shina,Ivanin,Male,7/5/2013,Ber,Karilynn,Oozz,1
794,Vance,Bissiker,Male,6/26/2013,Zebulen,Corie,Izio,1
795,Ebenezer,Tussaine,Female,2/28/2015,Romonda,Andrey,Tekfly,1
796,Findley,Enriques,Male,1/17/2014,Elisabet,Amory,Rhybox,1
797,Rosamond,Belshaw,Female,2/6/2014,Irvin,Lavena,Feednation,1
798,Barclay,Fieldgate,Male,4/30/2012,Jesse,Eydie,Rhycero,1
799,Tammie,O' Connell,Male,12/29/2011,Gillie,Florry,Thoughtbridge,2
800,Jami,Plunket,Female,7/16/2014,Louis,Stanley,Wordtune,1
801,Stacee,Spinetti,Female,4/20/2015,Susan,Arly,Leexo,1
802,Correna,Segrave,Female,7/9/2013,Gaspar,Denna,Jamia,1
803,Gil,Hele,Agender,5/3/2012,Odetta,Elisabetta,Kwilith,1
804,Isaiah,Doig,Male,11/1/2013,Agathe,Stern,Abata,2
805,Davidson,Quodling,Male,6/19/2014,Jean,Tannie,Snaptags,2
806,Saul,Swaby,Genderqueer,7/28/2014,Eadith,Angie,Youbridge,1
807,Melanie,Glassard,Male,8/22/2013,Belva,Antonie,Dynabox,1
808,Sharity,Galland,Female,1/16/2012,Cecile,Pierson,Dabshots,2
809,Antoine,Lillgard,Female,5/10/2014,Corenda,Maurine,Meevee,2
810,Dorotea,Wadesworth,Male,9/12/2011,Marleen,Mano,Buzzshare,2
811,Kimberlee,Ciani,Male,10/24/2014,Yurik,Carin,Vipe,2
812,Pauline,Dorsey,Female,3/3/2015,Erich,Tabina,Wordtune,1
813,Bettina,Forward,Male,7/7/2015,Konstantine,Ingrim,Aibox,2
814,Mike,Ginnelly,Male,10/30/2011,Colver,Sada,Youfeed,1
815,Conroy,Hatcliffe,Agender,6/18/2012,Blake,Torie,Yamia,2
816,Cecil,Gavaghan,Female,1/12/2013,Fawne,Brigida,Blogpad,1
817,Filippa,Pattingson,Female,11/4/2014,Petunia,Susanne,Zoomzone,1
818,Janene,Harford,Male,2/27/2012,Matthew,Pembroke,Skyvu,2
819,Carri,Livings,Female,7/27/2012,Malcolm,Ewart,Realcube,2
820,Mitzi,Kleinhandler,Female,10/19/2013,Keslie,Sigrid,Feedfire,2
821,Shaine,Matas,Agender,10/16/2012,Kerrin,Diarmid,Dabjam,2
822,Fraze,Tutin,Male,9/2/2013,Cayla,Putnem,Digitube,1
823,Nola,Mallett,Female,6/10/2015,Herbie,Caitrin,Wikibox,2
824,Hardy,Burford,Male,4/5/2014,Cole,Audy,Meembee,2
825,Sarine,Pedlingham,Male,9/16/2013,Gayle,Linell,Flipbug,2
826,Bary,Amyes,Male,7/20/2013,Mervin,Curcio,Zoombox,2
827,Berthe,Sheerman,Female,9/29/2013,Pinchas,Courtney,Gabtype,1
828,Charisse,Divina,Female,10/21/2014,Drugi,Addie,Babbleblab,1
829,Calla,Emms,Male,7/22/2013,Fitzgerald,Gabbie,Youspan,2
830,West,Breheny,Female,4/25/2015,Delores,Myca,Blogtags,1
831,Patsy,Piner,Female,9/29/2013,Bat,Alida,Linklinks,1
832,Fairleigh,Janusz,Female,2/28/2012,Eleanor,Colas,Skipfire,1
833,Rodrick,Lepere,Female,9/19/2012,Fern,Linnea,Dabvine,1
834,Kissie,Burkert,Male,7/28/2015,Candra,Allx,Yodel,1
835,Alanson,Joost,Male,7/10/2015,Sherri,Pall,Feedfish,1
836,Shelly,Deares,Female,7/17/2014,Rebecca,Ella,Voonder,2
837,Angy,Moseby,Female,2/27/2012,Rakel,Heloise,Skinte,2
838,Corabel,Triggol,Male,2/5/2015,Murray,Madeline,Dazzlesphere,2
839,Jose,Kennan,Female,9/23/2011,Frannie,Karalee,Devify,1
840,Ferd,Dey,Female,4/5/2015,Gay,Quintus,Buzzbean,1
841,Katlin,Bumphrey,Female,2/28/2012,Eilis,Sutton,Roomm,2
842,Dana,Gauld,Male,7/15/2014,Raddie,Buffy,Skivee,1
843,Alys,McReidy,Female,10/21/2011,Malvin,Adelheid,Mudo,2
844,Maure,Kenwell,Male,10/20/2012,Kip,Caspar,Thoughtbeat,1
845,Virgie,Roark,Female,8/12/2015,Alyosha,Felicdad,Oba,1
846,Jacklin,Biggerstaff,Female,5/30/2015,Berna,Onfroi,Miboo,2
847,Wade,Fautly,Female,9/28/2014,Ahmad,Nicki,Yakidoo,1
848,Loydie,Capewell,Female,4/6/2014,Patrizio,Anastassia,Plajo,1
849,Emmalynn,Sankey,Polygender,6/11/2014,Sabrina,Giraldo,Meetz,2
850,Shannon,Gerring,Male,8/30/2013,Ashbey,Wes,Youfeed,1
851,Denna,Cornewall,Female,10/17/2011,Lona,Briny,Yozio,1
852,Meyer,Barca,Female,7/13/2014,Aymer,Matty,Realpoint,2
853,Goldia,Macklin,Female,1/17/2013,Sigmund,Ardenia,Zoomcast,1
854,Curry,Dawbery,Female,4/25/2013,Mareah,Ashlan,Avamm,2
855,Heidi,Elderkin,Male,11/16/2012,Karilynn,Wandie,Dabtype,2
856,Peggie,Derrett,Male,6/29/2012,Gil,Reade,Quaxo,2
857,Ingunna,Hauck,Female,1/26/2015,Frederik,Archibaldo,Mybuzz,1
858,Emmott,Gosson,Male,2/1/2012,Trisha,Sheela,Flashdog,2
859,Guinna,O'Currine,Male,2/7/2015,Halimeda,Colette,Lajo,2
860,Haleigh,Causier,Genderfluid,5/31/2012,Rory,Gracia,Yotz,1
861,Karel,Hovenden,Female,10/6/2014,Gino,Nial,Realbridge,2
862,Ragnar,Heathcott,Female,2/3/2015,Morganica,Kelcy,Vimbo,1
863,Axe,Gleder,Female,5/3/2014,Andris,Lauritz,Twinder,2
864,Poul,Frane,Female,4/11/2012,Martainn,Harrison,Vinte,2
865,Jerry,Pelerin,Male,11/17/2011,Cortney,Frederick,Meemm,1
866,Gayler,Littledike,Female,12/8/2013,Mellicent,Jessey,Meedoo,1
867,Bartlett,Chilvers,Female,8/22/2015,Dame,Beck,Buzzster,1
868,Harwell,Munnings,Female,12/25/2013,Calla,Ninette,Shufflester,2
869,Russell,Constantine,Male,11/14/2012,Ike,Sib,Abata,2
870,Zulema,Ludlom,Male,1/25/2015,Neille,Gray,Buzzdog,2
871,Dewain,Wogdon,Female,10/10/2014,Normy,Mick,Oodoo,1
872,Merrily,Altamirano,Female,3/18/2013,Selina,Benoite,Einti,2
873,Bartholemy,Rattrie,Male,2/24/2013,Kylie,Judye,Blognation,1
874,Leroi,Heikkinen,Male,4/21/2012,Elmore,Nikolia,Quinu,1
875,Kamila,Blakes,Male,6/29/2014,Rey,Rafaela,Divape,2
876,Vincent,Seedull,Female,1/12/2012,Ekaterina,Diego,Brainverse,1
877,Remy,La Torre,Male,4/23/2013,Hillary,Akim,Twitterbridge,2
878,Brig,Lawty,Male,3/28/2015,Bibi,Philippa,Yozio,1
879,Kassie,Darben,Female,2/10/2014,Chan,Clem,Thoughtmix,2
880,Barnie,Drees,Female,4/25/2013,Roddie,Erl,Photojam,1
881,Leslie,Pezey,Bigender,8/2/2013,Graehme,Quintina,Edgepulse,1
882,Ted,Gobel,Female,5/29/2014,Stillman,Mead,Yotz,2
883,Noach,Pagen,Male,11/11/2013,Clywd,Chalmers,Riffpedia,2
884,Elita,Taggert,Male,11/8/2012,Robb,Tyne,Voonix,2
885,Tony,Roches,Female,7/3/2013,Cam,Ashbey,Edgeblab,1
886,Phelia,Wines,Male,12/7/2011,Dana,Marshall,Aibox,2
887,Kris,Boarer,Bigender,2/4/2013,Brigitta,Esma,Oyope,1
888,Courtnay,Fearey,Female,1/30/2012,Micki,Zackariah,Youopia,1
889,Bartie,Pedrazzi,Female,1/8/2014,Rhody,Brear,Oyope,1
890,Pincas,Sogg,Male,8/19/2015,Hana,Mara,Wikizz,2
891,Delainey,Rand,Male,3/10/2012,Lyndsey,Annabel,Yotz,1
892,Alvy,Fleis,Female,10/28/2012,Aurea,Kellen,Skyba,2
893,Chrotoem,Thominga,Male,7/20/2014,Vernor,Rayna,Reallinks,2
894,Ebeneser,Gobel,Bigender,5/10/2012,Cindi,Roscoe,Pixoboo,1
895,Orelee,Perillio,Genderqueer,2/19/2014,Bonnibelle,Philipa,Photobug,2
896,Carmelita,Wiffen,Female,9/11/2011,Aili,Karyn,Buzzdog,2
897,Dion,Grimestone,Agender,9/16/2011,Tiffany,Cally,Thoughtmix,1
898,Terry,Sloey,Male,3/29/2013,Elwin,Miguela,Shuffledrive,1
899,Reube,Pallaske,Female,8/4/2015,Mal,Prince,Thoughtmix,2
900,Ossie,Woodard,Female,1/12/2012,Deane,Korrie,Devpoint,2
901,Olly,Navarijo,Female,9/8/2012,Tully,Rebe,Fliptune,2
902,Maybelle,Shackesby,Female,4/30/2015,Lynna,Colly,Zoovu,1
903,Seumas,Plum,Male,4/28/2013,Tuesday,Pablo,Kare,2
904,Burl,Glassborow,Female,7/31/2015,Elwood,Cary,Flipstorm,2
905,Farra,Laidler,Male,3/29/2015,Timmy,Jeremias,Talane,2
906,Olwen,Callicott,Male,2/1/2013,Susan,Ira,Photobug,2
907,Zoe,Djorvic,Female,4/4/2013,May,Vinny,Youspan,1
908,Tonye,Faudrie,Male,4/1/2012,Wendel,Raleigh,Tazz,1
909,Jody,Alvin,Polygender,5/15/2013,Berthe,Kenna,Zooxo,2
910,Brandie,Feuell,Bigender,5/10/2015,Sauncho,Wait,Chatterpoint,1
911,Mic,Stonard,Male,7/12/2013,Aeriela,Miriam,Zoonoodle,1
912,Jilli,Kevane,Male,11/11/2011,Onfre,Candice,Wikido,1
913,Jessie,Fforde,Male,6/5/2014,Zia,Ellery,Yodoo,1
914,Eleonora,Manntschke,Female,12/12/2014,Sioux,Tedra,Zoomzone,1
915,Westley,Bergin,Female,12/30/2012,Jayme,Rock,Yakidoo,2
916,Thelma,Carabine,Male,6/14/2014,Daren,Celestyna,Meeveo,2
917,Nannie,Ferebee,Female,3/11/2015,Darsey,Liuka,Reallinks,1
918,Sib,Klink,Male,12/7/2014,Sloane,Grayce,Zoovu,2
919,Keely,Skellion,Female,7/24/2015,Aubrey,Britt,Kwideo,1
920,Erinna,Rosthorn,Male,6/14/2013,Cathee,Mary,Dazzlesphere,1
921,Elvin,Lewinton,Female,9/10/2013,Trey,Flori,Kwimbee,1
922,Rosana,Zoellner,Female,5/19/2014,Harley,Kirby,Yoveo,2
923,Elaine,Blackborough,Male,7/31/2013,Juditha,Guido,Photofeed,2
924,Roddie,Ovett,Male,7/10/2013,Melodie,Rosa,Browsedrive,2
925,Ninnetta,Galia,Male,4/1/2013,Gibby,Bernadine,DabZ,1
926,Casandra,Norewood,Female,11/24/2014,Rivkah,Winnifred,Zoomzone,2
927,Pen,Haney`,Female,12/25/2011,Talyah,Rivalee,Jaxworks,1
928,Brigg,Mendel,Genderfluid,2/20/2015,Morna,Fred,Flipstorm,1
929,Susana,Cookney,Genderfluid,3/17/2012,Janet,Erskine,Skyvu,2
930,Codi,Widger,Female,7/4/2014,Davey,Polly,Trunyx,2
931,Sonny,Finlason,Female,11/26/2014,Gibby,Bab,Photospace,2
932,Felike,Whardley,Female,7/18/2014,Costanza,Boigie,Yabox,2
933,Aileen,Overill,Female,6/26/2012,Dene,Mabel,Oyondu,2
934,Rayna,Hobble,Male,1/2/2014,Lancelot,Fidelia,Twitterlist,1
935,Dela,Corradeschi,Female,10/4/2014,Bea,Ted,Devcast,2
936,Temple,Arnald,Male,11/15/2013,Barrie,Angelia,Feedspan,1
937,Corey,Garnsworthy,Male,1/12/2012,Eryn,Colet,Brainbox,1
938,Lyssa,Skotcher,Male,3/3/2013,Dinny,Lori,Shuffletag,1
939,Farra,Congreave,Male,6/20/2014,Cairistiona,Vera,Topdrive,2
940,Chanda,Hartle,Female,8/23/2014,Christopher,Jackquelin,Meejo,2
941,Emmott,Pressman,Female,11/2/2012,Robers,Jamill,Omba,2
942,Alvera,Roussel,Female,5/22/2013,Reinold,Tisha,Chatterbridge,2
943,Korney,Pennington,Female,8/24/2013,Roanna,Renaud,Youfeed,1
944,Travus,Rousby,Male,9/20/2011,Sammie,Caesar,Dablist,2
945,Wakefield,Pleaden,Female,2/21/2014,Carri,Louella,Katz,2
946,Amy,Pirrie,Female,11/6/2013,Nomi,Peggy,Zava,2
947,Barn,Poyntz,Male,6/22/2015,Alikee,Dorothee,Skimia,1
948,Heindrick,Okie,Female,5/6/2014,Bertine,Roseanne,Feednation,1
949,Gan,Thulborn,Male,12/18/2011,Cornelius,Scottie,Jaxbean,1
950,Delphinia,Wallach,Female,6/12/2015,Prudy,Riannon,Thoughtworks,1
951,Harlin,Hallad,Male,11/28/2012,Rowney,Flint,Meemm,1
952,Ida,Side,Male,4/22/2015,Gavan,Cynde,Mymm,2
953,Lia,Cavilla,Male,4/6/2015,Aurelie,Moll,Dynabox,2
954,Tammie,Bevans,Male,12/17/2012,Kristi,Meredeth,Jabbercube,1
955,Towney,Genny,Female,10/26/2011,Hymie,Konrad,Kwideo,2
956,Darsie,Midson,Male,7/10/2015,Tiffanie,Augustus,Buzzbean,1
957,Bobbee,Timeby,Female,10/12/2014,Lemmie,Vanya,Jayo,1
958,Giacinta,Pardal,Male,5/28/2012,Richmond,Joscelin,Rhyzio,1
959,Justinian,McCrossan,Male,1/25/2015,Margy,Edsel,Kazu,1
960,Maxine,Peizer,Female,10/6/2013,Nannette,Eugen,Devcast,2
961,Claudell,Oloshin,Female,12/25/2011,Lilli,Shaine,Kaymbo,1
962,Risa,Marc,Male,7/31/2013,Minni,Jobyna,Twitterworks,2
963,Leontine,Kowalski,Male,12/31/2011,Devinne,Hermy,Zazio,1
964,Yasmin,Lindsell,Male,9/28/2012,Wit,Nadeen,Wikizz,1
965,Carlyle,Bestwick,Male,8/8/2013,Rollie,Clareta,Yakijo,2
966,Arnold,Emps,Male,6/22/2013,Madelene,Louis,Bluezoom,1
967,Cassandry,Trevaskus,Male,1/5/2015,Jerrilee,Ferdie,Eazzy,1
968,Julianna,Whitlock,Female,2/25/2014,Bendix,Herbert,JumpXS,2
969,Meryl,Grzelewski,Male,6/4/2012,Gray,Charita,Twitterbridge,2
970,Louella,Ketch,Male,8/17/2015,Sly,Shara,Yakijo,2
971,Meredith,Dreng,Female,9/12/2011,Fernanda,Hyatt,Buzzshare,1
972,Brana,Bridgstock,Male,1/4/2015,Lynett,Derrik,Innotype,2
973,Efrem,Roswarne,Female,10/21/2014,Kipper,Kara-lynn,Oyoyo,2
974,Catrina,Hannabuss,Male,3/12/2012,Hernando,Gabey,Bubbletube,2
975,Ainslie,Swansbury,Female,10/3/2012,Twila,Tamra,Browsetype,1
976,Jerry,Archard,Male,3/9/2013,Hilliary,Adina,Ntag,1
977,Cly,Chevis,Non-binary,12/19/2012,Quinta,Korie,Mymm,2
978,Tarrance,Alves,Female,12/24/2013,Ogdon,Flint,Pixope,2
979,Geneva,Bakesef,Female,12/5/2014,Kimball,Minnaminnie,Flashpoint,1
980,Rosaline,Youel,Male,3/19/2013,Ted,Calypso,Shufflebeat,2
981,Livvyy,Cessford,Female,6/23/2014,Evangeline,Roman,Cogibox,2
982,Deirdre,Maharey,Male,7/17/2015,Whit,Dion,Browseblab,2
983,Dyan,Heckney,Male,5/2/2014,Opalina,Nate,Realbridge,2
984,Alika,Bunclark,Female,11/9/2014,Daffi,Eadie,Quatz,1
985,Daryle,Flewitt,Male,9/11/2012,Madelina,Belita,Gigazoom,1
986,Clovis,Okeshott,Male,2/1/2015,Steffen,Donavon,Yakijo,2
987,Gratia,Shory,Male,4/2/2015,Ardith,Corabella,Devcast,2
988,Alane,Beidebeke,Male,11/22/2012,Frans,Leoine,Camimbo,2
989,Bridie,Hembery,Male,5/26/2013,Agatha,Dennison,Bluejam,1
990,Hannis,Loughran,Female,2/2/2013,Hadleigh,Rafaelita,Thoughtsphere,1
991,Gwen,Glowinski,Female,3/4/2012,Hillier,Trenna,Twitterworks,2
992,Henrie,Wrightson,Female,12/1/2014,Layton,Cortney,Zoomlounge,1
993,Ludwig,Raine,Non-binary,2/18/2014,Chicky,Edy,Skilith,2
994,Hamel,Pie,Female,12/24/2013,Hill,Kattie,Jatri,1
995,Tamma,Sergison,Female,6/19/2012,Tarrance,Jakie,Bluejam,1
996,Ninetta,Worling,Female,2/15/2015,Sibbie,Peterus,Omba,2
997,Stanford,Tinton,Female,4/9/2013,Kyle,Augustin,Dabshots,1
998,Ertha,MacCook,Male,12/14/2013,Sidonia,Kessiah,Topicshots,2
999,Lawton,Randles,Female,12/12/2011,Kali,Reeva,Skalith,1
1000,Engracia,Pashbee,Female,9/23/2013,Emlynn,Almeda,Zoomzone,1