Departure,Destination,Date,Class,Date of Flight,Ticket Sales
London,Perth,01/01/2021,Economy,31/01/2021,572
London,Perth,02/01/2021,Economy,31/01/2021,1111
London,Perth,03/01/2021,Economy,31/01/2021,845
London,Perth,04/01/2021,Economy,31/01/2021,862
London,Perth,05/01/2021,Economy,31/01/2021,1087
London,Perth,06/01/2021,Economy,31/01/2021,794
London,Perth,07/01/2021,Economy,31/01/2021,1066
London,Perth,08/01/2021,Economy,31/01/2021,424
London,Perth,09/01/2021,Economy,31/01/2021,742
London,Perth,10/01/2021,Economy,31/01/2021,784
London,Perth,11/01/2021,Economy,31/01/2021,768
London,Perth,12/01/2021,Economy,31/01/2021,920
London,Perth,13/01/2021,Economy,31/01/2021,833
London,Perth,14/01/2021,Economy,31/01/2021,560
London,Perth,15/01/2021,Economy,31/01/2021,370
London,Perth,16/01/2021,Economy,31/01/2021,588
London,Perth,17/01/2021,Economy,31/01/2021,400
London,Perth,18/01/2021,Economy,31/01/2021,955
London,Perth,19/01/2021,Economy,31/01/2021,831
London,Perth,20/01/2021,Economy,31/01/2021,774
London,Perth,21/01/2021,Economy,31/01/2021,1096
London,Perth,22/01/2021,Economy,31/01/2021,456
London,Perth,23/01/2021,Economy,31/01/2021,801
London,Perth,24/01/2021,Economy,31/01/2021,768
London,Perth,25/01/2021,Economy,31/01/2021,971
London,Perth,26/01/2021,Economy,31/01/2021,569
London,Perth,27/01/2021,Economy,31/01/2021,333
London,Perth,28/01/2021,Economy,31/01/2021,833
London,Perth,29/01/2021,Economy,31/01/2021,1006
London,Perth,30/01/2021,Economy,31/01/2021,628
London,Perth,31/01/2021,Economy,31/01/2021,608
London,Perth,01/02/2021,Economy,28/02/2021,711
London,Perth,02/02/2021,Economy,28/02/2021,958
London,Perth,03/02/2021,Economy,28/02/2021,983
London,Perth,04/02/2021,Economy,28/02/2021,716
London,Perth,05/02/2021,Economy,28/02/2021,968
London,Perth,06/02/2021,Economy,28/02/2021,1126
London,Perth,07/02/2021,Economy,28/02/2021,1037
London,Perth,08/02/2021,Economy,28/02/2021,888
London,Perth,09/02/2021,Economy,28/02/2021,934
London,Perth,10/02/2021,Economy,28/02/2021,812
London,Perth,11/02/2021,Economy,28/02/2021,1188
London,Perth,12/02/2021,Economy,28/02/2021,553
London,Perth,13/02/2021,Economy,28/02/2021,1008
London,Perth,14/02/2021,Economy,28/02/2021,730
London,Perth,15/02/2021,Economy,28/02/2021,899
London,Perth,16/02/2021,Economy,28/02/2021,407
London,Perth,17/02/2021,Economy,28/02/2021,1067
London,Perth,18/02/2021,Economy,28/02/2021,514
London,Perth,19/02/2021,Economy,28/02/2021,758
London,Perth,20/02/2021,Economy,28/02/2021,987
London,Perth,21/02/2021,Economy,28/02/2021,1043
London,Perth,22/02/2021,Economy,28/02/2021,582
London,Perth,23/02/2021,Economy,28/02/2021,750
London,Perth,24/02/2021,Economy,28/02/2021,971
London,Perth,25/02/2021,Economy,28/02/2021,1163
London,Perth,26/02/2021,Economy,28/02/2021,441
London,Perth,27/02/2021,Economy,28/02/2021,1075
London,Perth,28/02/2021,Economy,28/02/2021,495
London,Perth,01/03/2021,Economy,31/03/2021,458
London,Perth,02/03/2021,Economy,31/03/2021,759
London,Perth,03/03/2021,Economy,31/03/2021,982
London,Perth,04/03/2021,Economy,31/03/2021,998
London,Perth,05/03/2021,Economy,31/03/2021,962
London,Perth,06/03/2021,Economy,31/03/2021,999
London,Perth,07/03/2021,Economy,31/03/2021,1025
London,Perth,08/03/2021,Economy,31/03/2021,423
London,Perth,09/03/2021,Economy,31/03/2021,1196
London,Perth,10/03/2021,Economy,31/03/2021,352
London,Perth,11/03/2021,Economy,31/03/2021,787
London,Perth,12/03/2021,Economy,31/03/2021,1087
London,Perth,13/03/2021,Economy,31/03/2021,465
London,Perth,14/03/2021,Economy,31/03/2021,345
London,Perth,15/03/2021,Economy,31/03/2021,700
London,Perth,16/03/2021,Economy,31/03/2021,608
London,Perth,17/03/2021,Economy,31/03/2021,1125
London,Perth,18/03/2021,Economy,31/03/2021,740
London,Perth,19/03/2021,Economy,31/03/2021,808
London,Perth,20/03/2021,Economy,31/03/2021,572
London,Perth,21/03/2021,Economy,31/03/2021,869
London,Perth,22/03/2021,Economy,31/03/2021,533
London,Perth,23/03/2021,Economy,31/03/2021,721
London,Perth,24/03/2021,Economy,31/03/2021,678
London,Perth,25/03/2021,Economy,31/03/2021,558
London,Perth,26/03/2021,Economy,31/03/2021,824
London,Perth,27/03/2021,Economy,31/03/2021,392
London,Perth,28/03/2021,Economy,31/03/2021,320
London,Perth,29/03/2021,Economy,31/03/2021,642
London,Perth,30/03/2021,Economy,31/03/2021,1146
London,Perth,31/03/2021,Economy,31/03/2021,370
London,Perth,01/04/2021,Economy,30/04/2021,325
London,Perth,02/04/2021,Economy,30/04/2021,1057
London,Perth,03/04/2021,Economy,30/04/2021,755
London,Perth,04/04/2021,Economy,30/04/2021,372
London,Perth,05/04/2021,Economy,30/04/2021,1104
London,Perth,06/04/2021,Economy,30/04/2021,673
London,Perth,07/04/2021,Economy,30/04/2021,1109
London,Perth,08/04/2021,Economy,30/04/2021,620
London,Perth,09/04/2021,Economy,30/04/2021,1064
London,Perth,10/04/2021,Economy,30/04/2021,1094
London,Perth,11/04/2021,Economy,30/04/2021,313
London,Perth,12/04/2021,Economy,30/04/2021,944
London,Perth,13/04/2021,Economy,30/04/2021,651
London,Perth,14/04/2021,Economy,30/04/2021,1113
London,Perth,15/04/2021,Economy,30/04/2021,796
London,Perth,16/04/2021,Economy,30/04/2021,368
London,Perth,17/04/2021,Economy,30/04/2021,519
London,Perth,18/04/2021,Economy,30/04/2021,581
London,Perth,19/04/2021,Economy,30/04/2021,802
London,Perth,20/04/2021,Economy,30/04/2021,600
London,Perth,21/04/2021,Economy,30/04/2021,779
London,Perth,22/04/2021,Economy,30/04/2021,662
London,Perth,23/04/2021,Economy,30/04/2021,367
London,Perth,24/04/2021,Economy,30/04/2021,542
London,Perth,25/04/2021,Economy,30/04/2021,1136
London,Perth,26/04/2021,Economy,30/04/2021,392
London,Perth,27/04/2021,Economy,30/04/2021,666
London,Perth,28/04/2021,Economy,30/04/2021,558
London,Perth,29/04/2021,Economy,30/04/2021,1133
London,Perth,30/04/2021,Economy,30/04/2021,327
London,Perth,01/05/2021,Economy,31/05/2021,405
London,Perth,02/05/2021,Economy,31/05/2021,305
London,Perth,03/05/2021,Economy,31/05/2021,466
London,Perth,04/05/2021,Economy,31/05/2021,301
London,Perth,05/05/2021,Economy,31/05/2021,465
London,Perth,06/05/2021,Economy,31/05/2021,369
London,Perth,07/05/2021,Economy,31/05/2021,400
London,Perth,08/05/2021,Economy,31/05/2021,308
London,Perth,09/05/2021,Economy,31/05/2021,331
London,Perth,10/05/2021,Economy,31/05/2021,501
London,Perth,11/05/2021,Economy,31/05/2021,701
London,Perth,12/05/2021,Economy,31/05/2021,844
London,Perth,13/05/2021,Economy,31/05/2021,651
London,Perth,14/05/2021,Economy,31/05/2021,399
London,Perth,15/05/2021,Economy,31/05/2021,879
London,Perth,16/05/2021,Economy,31/05/2021,594
London,Perth,17/05/2021,Economy,31/05/2021,1135
London,Perth,18/05/2021,Economy,31/05/2021,817
London,Perth,19/05/2021,Economy,31/05/2021,557
London,Perth,20/05/2021,Economy,31/05/2021,381
London,Perth,21/05/2021,Economy,31/05/2021,1017
London,Perth,22/05/2021,Economy,31/05/2021,950
London,Perth,23/05/2021,Economy,31/05/2021,805
London,Perth,24/05/2021,Economy,31/05/2021,703
London,Perth,25/05/2021,Economy,31/05/2021,1127
London,Perth,26/05/2021,Economy,31/05/2021,826
London,Perth,27/05/2021,Economy,31/05/2021,402
London,Perth,28/05/2021,Economy,31/05/2021,496
London,Perth,29/05/2021,Economy,31/05/2021,1035
London,Perth,30/05/2021,Economy,31/05/2021,612
London,Perth,31/05/2021,Economy,31/05/2021,480
London,Perth,01/06/2021,Economy,30/06/2021,572
London,Perth,02/06/2021,Economy,30/06/2021,714
London,Perth,03/06/2021,Economy,30/06/2021,874
London,Perth,04/06/2021,Economy,30/06/2021,424
London,Perth,05/06/2021,Economy,30/06/2021,664
London,Perth,06/06/2021,Economy,30/06/2021,503
London,Perth,07/06/2021,Economy,30/06/2021,309
London,Perth,08/06/2021,Economy,30/06/2021,752
London,Perth,09/06/2021,Economy,30/06/2021,1184
London,Perth,10/06/2021,Economy,30/06/2021,858
London,Perth,11/06/2021,Economy,30/06/2021,802
London,Perth,12/06/2021,Economy,30/06/2021,640
London,Perth,13/06/2021,Economy,30/06/2021,1188
London,Perth,14/06/2021,Economy,30/06/2021,1052
London,Perth,15/06/2021,Economy,30/06/2021,757
London,Perth,16/06/2021,Economy,30/06/2021,526
London,Perth,17/06/2021,Economy,30/06/2021,1095
London,Perth,18/06/2021,Economy,30/06/2021,841
London,Perth,19/06/2021,Economy,30/06/2021,1026
London,Perth,20/06/2021,Economy,30/06/2021,1019
London,Perth,21/06/2021,Economy,30/06/2021,1172
London,Perth,22/06/2021,Economy,30/06/2021,1181
London,Perth,23/06/2021,Economy,30/06/2021,1135
London,Perth,24/06/2021,Economy,30/06/2021,1130
London,Perth,25/06/2021,Economy,30/06/2021,504
London,Perth,26/06/2021,Economy,30/06/2021,1188
London,Perth,27/06/2021,Economy,30/06/2021,802
London,Perth,28/06/2021,Economy,30/06/2021,1068
London,Perth,29/06/2021,Economy,30/06/2021,1083
London,Perth,30/06/2021,Economy,30/06/2021,1149
London,Perth,01/01/2021,Business,31/01/2021,1514
London,Perth,02/01/2021,Business,31/01/2021,900
London,Perth,03/01/2021,Business,31/01/2021,1097
London,Perth,04/01/2021,Business,31/01/2021,1543
London,Perth,05/01/2021,Business,31/01/2021,1115
London,Perth,06/01/2021,Business,31/01/2021,2476
London,Perth,07/01/2021,Business,31/01/2021,1620
London,Perth,08/01/2021,Business,31/01/2021,1967
London,Perth,09/01/2021,Business,31/01/2021,1382
London,Perth,10/01/2021,Business,31/01/2021,1410
London,Perth,11/01/2021,Business,31/01/2021,807
London,Perth,12/01/2021,Business,31/01/2021,2228
London,Perth,13/01/2021,Business,31/01/2021,2369
London,Perth,14/01/2021,Business,31/01/2021,2346
London,Perth,15/01/2021,Business,31/01/2021,1866
London,Perth,16/01/2021,Business,31/01/2021,1606
London,Perth,17/01/2021,Business,31/01/2021,1110
London,Perth,18/01/2021,Business,31/01/2021,2313
London,Perth,19/01/2021,Business,31/01/2021,849
London,Perth,20/01/2021,Business,31/01/2021,1034
London,Perth,21/01/2021,Business,31/01/2021,2005
London,Perth,22/01/2021,Business,31/01/2021,1958
London,Perth,23/01/2021,Business,31/01/2021,1207
London,Perth,24/01/2021,Business,31/01/2021,1272
London,Perth,25/01/2021,Business,31/01/2021,2337
London,Perth,26/01/2021,Business,31/01/2021,999
London,Perth,27/01/2021,Business,31/01/2021,1221
London,Perth,28/01/2021,Business,31/01/2021,1370
London,Perth,29/01/2021,Business,31/01/2021,1662
London,Perth,30/01/2021,Business,31/01/2021,2346
London,Perth,31/01/2021,Business,31/01/2021,1437
London,Perth,01/02/2021,Business,28/02/2021,914
London,Perth,02/02/2021,Business,28/02/2021,1833
London,Perth,03/02/2021,Business,28/02/2021,1936
London,Perth,04/02/2021,Business,28/02/2021,2347
London,Perth,05/02/2021,Business,28/02/2021,1506
London,Perth,06/02/2021,Business,28/02/2021,1817
London,Perth,07/02/2021,Business,28/02/2021,1850
London,Perth,08/02/2021,Business,28/02/2021,2415
London,Perth,09/02/2021,Business,28/02/2021,1393
London,Perth,10/02/2021,Business,28/02/2021,1917
London,Perth,11/02/2021,Business,28/02/2021,2499
London,Perth,12/02/2021,Business,28/02/2021,1578
London,Perth,13/02/2021,Business,28/02/2021,1059
London,Perth,14/02/2021,Business,28/02/2021,1871
London,Perth,15/02/2021,Business,28/02/2021,1785
London,Perth,16/02/2021,Business,28/02/2021,1341
London,Perth,17/02/2021,Business,28/02/2021,1769
London,Perth,18/02/2021,Business,28/02/2021,1909
London,Perth,19/02/2021,Business,28/02/2021,1493
London,Perth,20/02/2021,Business,28/02/2021,1758
London,Perth,21/02/2021,Business,28/02/2021,917
London,Perth,22/02/2021,Business,28/02/2021,1536
London,Perth,23/02/2021,Business,28/02/2021,1087
London,Perth,24/02/2021,Business,28/02/2021,803
London,Perth,25/02/2021,Business,28/02/2021,1212
London,Perth,26/02/2021,Business,28/02/2021,2348
London,Perth,27/02/2021,Business,28/02/2021,885
London,Perth,28/02/2021,Business,28/02/2021,1147
London,Perth,01/03/2021,Business,31/03/2021,825
London,Perth,02/03/2021,Business,31/03/2021,2307
London,Perth,03/03/2021,Business,31/03/2021,853
London,Perth,04/03/2021,Business,31/03/2021,1078
London,Perth,05/03/2021,Business,31/03/2021,2354
London,Perth,06/03/2021,Business,31/03/2021,1374
London,Perth,07/03/2021,Business,31/03/2021,2336
London,Perth,08/03/2021,Business,31/03/2021,2480
London,Perth,09/03/2021,Business,31/03/2021,988
London,Perth,10/03/2021,Business,31/03/2021,1362
London,Perth,11/03/2021,Business,31/03/2021,1012
London,Perth,12/03/2021,Business,31/03/2021,1908
London,Perth,13/03/2021,Business,31/03/2021,1369
London,Perth,14/03/2021,Business,31/03/2021,2224
London,Perth,15/03/2021,Business,31/03/2021,2214
London,Perth,16/03/2021,Business,31/03/2021,1122
London,Perth,17/03/2021,Business,31/03/2021,878
London,Perth,18/03/2021,Business,31/03/2021,1352
London,Perth,19/03/2021,Business,31/03/2021,2377
London,Perth,20/03/2021,Business,31/03/2021,1994
London,Perth,21/03/2021,Business,31/03/2021,1552
London,Perth,22/03/2021,Business,31/03/2021,1920
London,Perth,23/03/2021,Business,31/03/2021,1144
London,Perth,24/03/2021,Business,31/03/2021,1141
London,Perth,25/03/2021,Business,31/03/2021,2449
London,Perth,26/03/2021,Business,31/03/2021,2062
London,Perth,27/03/2021,Business,31/03/2021,2279
London,Perth,28/03/2021,Business,31/03/2021,1865
London,Perth,29/03/2021,Business,31/03/2021,848
London,Perth,30/03/2021,Business,31/03/2021,1334
London,Perth,31/03/2021,Business,31/03/2021,2006
London,Perth,01/04/2021,Business,30/04/2021,1396
London,Perth,02/04/2021,Business,30/04/2021,1574
London,Perth,03/04/2021,Business,30/04/2021,1632
London,Perth,04/04/2021,Business,30/04/2021,1290
London,Perth,05/04/2021,Business,30/04/2021,918
London,Perth,06/04/2021,Business,30/04/2021,1128
London,Perth,07/04/2021,Business,30/04/2021,2463
London,Perth,08/04/2021,Business,30/04/2021,1378
London,Perth,09/04/2021,Business,30/04/2021,1325
London,Perth,10/04/2021,Business,30/04/2021,1287
London,Perth,11/04/2021,Business,30/04/2021,1418
London,Perth,12/04/2021,Business,30/04/2021,1566
London,Perth,13/04/2021,Business,30/04/2021,1932
London,Perth,14/04/2021,Business,30/04/2021,2426
London,Perth,15/04/2021,Business,30/04/2021,1644
London,Perth,16/04/2021,Business,30/04/2021,1924
London,Perth,17/04/2021,Business,30/04/2021,1683
London,Perth,18/04/2021,Business,30/04/2021,890
London,Perth,19/04/2021,Business,30/04/2021,2192
London,Perth,20/04/2021,Business,30/04/2021,1567
London,Perth,21/04/2021,Business,30/04/2021,1113
London,Perth,22/04/2021,Business,30/04/2021,1889
London,Perth,23/04/2021,Business,30/04/2021,1500
London,Perth,24/04/2021,Business,30/04/2021,2233
London,Perth,25/04/2021,Business,30/04/2021,1451
London,Perth,26/04/2021,Business,30/04/2021,2128
London,Perth,27/04/2021,Business,30/04/2021,1914
London,Perth,28/04/2021,Business,30/04/2021,866
London,Perth,29/04/2021,Business,30/04/2021,1619
London,Perth,30/04/2021,Business,30/04/2021,2302
London,Perth,01/05/2021,Business,31/05/2021,1888
London,Perth,02/05/2021,Business,31/05/2021,978
London,Perth,03/05/2021,Business,31/05/2021,1026
London,Perth,04/05/2021,Business,31/05/2021,979
London,Perth,05/05/2021,Business,31/05/2021,2353
London,Perth,06/05/2021,Business,31/05/2021,1927
London,Perth,07/05/2021,Business,31/05/2021,2262
London,Perth,08/05/2021,Business,31/05/2021,1471
London,Perth,09/05/2021,Business,31/05/2021,1993
London,Perth,10/05/2021,Business,31/05/2021,1659
London,Perth,11/05/2021,Business,31/05/2021,1866
London,Perth,12/05/2021,Business,31/05/2021,2002
London,Perth,13/05/2021,Business,31/05/2021,1612
London,Perth,14/05/2021,Business,31/05/2021,1299
London,Perth,15/05/2021,Business,31/05/2021,1900
London,Perth,16/05/2021,Business,31/05/2021,2205
London,Perth,17/05/2021,Business,31/05/2021,1903
London,Perth,18/05/2021,Business,31/05/2021,1221
London,Perth,19/05/2021,Business,31/05/2021,1636
London,Perth,20/05/2021,Business,31/05/2021,819
London,Perth,21/05/2021,Business,31/05/2021,1086
London,Perth,22/05/2021,Business,31/05/2021,2206
London,Perth,23/05/2021,Business,31/05/2021,957
London,Perth,24/05/2021,Business,31/05/2021,1408
London,Perth,25/05/2021,Business,31/05/2021,930
London,Perth,26/05/2021,Business,31/05/2021,2392
London,Perth,27/05/2021,Business,31/05/2021,1397
London,Perth,28/05/2021,Business,31/05/2021,1458
London,Perth,29/05/2021,Business,31/05/2021,1381
London,Perth,30/05/2021,Business,31/05/2021,984
London,Perth,31/05/2021,Business,31/05/2021,2344
London,Perth,01/06/2021,Business,30/06/2021,2285
London,Perth,02/06/2021,Business,30/06/2021,2286
London,Perth,03/06/2021,Business,30/06/2021,1568
London,Perth,04/06/2021,Business,30/06/2021,920
London,Perth,05/06/2021,Business,30/06/2021,1347
London,Perth,06/06/2021,Business,30/06/2021,1245
London,Perth,07/06/2021,Business,30/06/2021,2313
London,Perth,08/06/2021,Business,30/06/2021,845
London,Perth,09/06/2021,Business,30/06/2021,2219
London,Perth,10/06/2021,Business,30/06/2021,1822
London,Perth,11/06/2021,Business,30/06/2021,1432
London,Perth,12/06/2021,Business,30/06/2021,1220
London,Perth,13/06/2021,Business,30/06/2021,1365
London,Perth,14/06/2021,Business,30/06/2021,2108
London,Perth,15/06/2021,Business,30/06/2021,1247
London,Perth,16/06/2021,Business,30/06/2021,1525
London,Perth,17/06/2021,Business,30/06/2021,1162
London,Perth,18/06/2021,Business,30/06/2021,1888
London,Perth,19/06/2021,Business,30/06/2021,1003
London,Perth,20/06/2021,Business,30/06/2021,1449
London,Perth,21/06/2021,Business,30/06/2021,1786
London,Perth,22/06/2021,Business,30/06/2021,823
London,Perth,23/06/2021,Business,30/06/2021,1435
London,Perth,24/06/2021,Business,30/06/2021,956
London,Perth,25/06/2021,Business,30/06/2021,976
London,Perth,26/06/2021,Business,30/06/2021,1673
London,Perth,27/06/2021,Business,30/06/2021,1238
London,Perth,28/06/2021,Business,30/06/2021,1583
London,Perth,29/06/2021,Business,30/06/2021,1547
London,Perth,30/06/2021,Business,30/06/2021,1258
Perth,London,01/01/2021,Economy,31/01/2021,718
Perth,London,02/01/2021,Economy,31/01/2021,698
Perth,London,03/01/2021,Economy,31/01/2021,1083
Perth,London,04/01/2021,Economy,31/01/2021,314
Perth,London,05/01/2021,Economy,31/01/2021,844
Perth,London,06/01/2021,Economy,31/01/2021,1096
Perth,London,07/01/2021,Economy,31/01/2021,755
Perth,London,08/01/2021,Economy,31/01/2021,394
Perth,London,09/01/2021,Economy,31/01/2021,796
Perth,London,10/01/2021,Economy,31/01/2021,1039
Perth,London,11/01/2021,Economy,31/01/2021,1151
Perth,London,12/01/2021,Economy,31/01/2021,346
Perth,London,13/01/2021,Economy,31/01/2021,395
Perth,London,14/01/2021,Economy,31/01/2021,1171
Perth,London,15/01/2021,Economy,31/01/2021,997
Perth,London,16/01/2021,Economy,31/01/2021,683
Perth,London,17/01/2021,Economy,31/01/2021,552
Perth,London,18/01/2021,Economy,31/01/2021,1078
Perth,London,19/01/2021,Economy,31/01/2021,883
Perth,London,20/01/2021,Economy,31/01/2021,590
Perth,London,21/01/2021,Economy,31/01/2021,868
Perth,London,22/01/2021,Economy,31/01/2021,705
Perth,London,23/01/2021,Economy,31/01/2021,1199
Perth,London,24/01/2021,Economy,31/01/2021,442
Perth,London,25/01/2021,Economy,31/01/2021,992
Perth,London,26/01/2021,Economy,31/01/2021,1057
Perth,London,27/01/2021,Economy,31/01/2021,860
Perth,London,28/01/2021,Economy,31/01/2021,539
Perth,London,29/01/2021,Economy,31/01/2021,404
Perth,London,30/01/2021,Economy,31/01/2021,974
Perth,London,31/01/2021,Economy,31/01/2021,691
Perth,London,01/02/2021,Economy,28/02/2021,839
Perth,London,02/02/2021,Economy,28/02/2021,727
Perth,London,03/02/2021,Economy,28/02/2021,560
Perth,London,04/02/2021,Economy,28/02/2021,1000
Perth,London,05/02/2021,Economy,28/02/2021,1091
Perth,London,06/02/2021,Economy,28/02/2021,969
Perth,London,07/02/2021,Economy,28/02/2021,1089
Perth,London,08/02/2021,Economy,28/02/2021,740
Perth,London,09/02/2021,Economy,28/02/2021,919
Perth,London,10/02/2021,Economy,28/02/2021,670
Perth,London,11/02/2021,Economy,28/02/2021,785
Perth,London,12/02/2021,Economy,28/02/2021,1040
Perth,London,13/02/2021,Economy,28/02/2021,593
Perth,London,14/02/2021,Economy,28/02/2021,360
Perth,London,15/02/2021,Economy,28/02/2021,541
Perth,London,16/02/2021,Economy,28/02/2021,1195
Perth,London,17/02/2021,Economy,28/02/2021,968
Perth,London,18/02/2021,Economy,28/02/2021,508
Perth,London,19/02/2021,Economy,28/02/2021,1148
Perth,London,20/02/2021,Economy,28/02/2021,1000
Perth,London,21/02/2021,Economy,28/02/2021,735
Perth,London,22/02/2021,Economy,28/02/2021,543
Perth,London,23/02/2021,Economy,28/02/2021,1154
Perth,London,24/02/2021,Economy,28/02/2021,392
Perth,London,25/02/2021,Economy,28/02/2021,663
Perth,London,26/02/2021,Economy,28/02/2021,311
Perth,London,27/02/2021,Economy,28/02/2021,1116
Perth,London,28/02/2021,Economy,28/02/2021,352
Perth,London,01/03/2021,Economy,31/03/2021,1023
Perth,London,02/03/2021,Economy,31/03/2021,1182
Perth,London,03/03/2021,Economy,31/03/2021,977
Perth,London,04/03/2021,Economy,31/03/2021,330
Perth,London,05/03/2021,Economy,31/03/2021,1046
Perth,London,06/03/2021,Economy,31/03/2021,995
Perth,London,07/03/2021,Economy,31/03/2021,342
Perth,London,08/03/2021,Economy,31/03/2021,312
Perth,London,09/03/2021,Economy,31/03/2021,427
Perth,London,10/03/2021,Economy,31/03/2021,575
Perth,London,11/03/2021,Economy,31/03/2021,804
Perth,London,12/03/2021,Economy,31/03/2021,457
Perth,London,13/03/2021,Economy,31/03/2021,648
Perth,London,14/03/2021,Economy,31/03/2021,311
Perth,London,15/03/2021,Economy,31/03/2021,351
Perth,London,16/03/2021,Economy,31/03/2021,316
Perth,London,17/03/2021,Economy,31/03/2021,713
Perth,London,18/03/2021,Economy,31/03/2021,343
Perth,London,19/03/2021,Economy,31/03/2021,984
Perth,London,20/03/2021,Economy,31/03/2021,525
Perth,London,21/03/2021,Economy,31/03/2021,654
Perth,London,22/03/2021,Economy,31/03/2021,1086
Perth,London,23/03/2021,Economy,31/03/2021,405
Perth,London,24/03/2021,Economy,31/03/2021,729
Perth,London,25/03/2021,Economy,31/03/2021,769
Perth,London,26/03/2021,Economy,31/03/2021,498
Perth,London,27/03/2021,Economy,31/03/2021,636
Perth,London,28/03/2021,Economy,31/03/2021,825
Perth,London,29/03/2021,Economy,31/03/2021,865
Perth,London,30/03/2021,Economy,31/03/2021,886
Perth,London,31/03/2021,Economy,31/03/2021,1131
Perth,London,01/04/2021,Economy,30/04/2021,642
Perth,London,02/04/2021,Economy,30/04/2021,304
Perth,London,03/04/2021,Economy,30/04/2021,610
Perth,London,04/04/2021,Economy,30/04/2021,817
Perth,London,05/04/2021,Economy,30/04/2021,882
Perth,London,06/04/2021,Economy,30/04/2021,920
Perth,London,07/04/2021,Economy,30/04/2021,997
Perth,London,08/04/2021,Economy,30/04/2021,912
Perth,London,09/04/2021,Economy,30/04/2021,524
Perth,London,10/04/2021,Economy,30/04/2021,888
Perth,London,11/04/2021,Economy,30/04/2021,457
Perth,London,12/04/2021,Economy,30/04/2021,788
Perth,London,13/04/2021,Economy,30/04/2021,681
Perth,London,14/04/2021,Economy,30/04/2021,678
Perth,London,15/04/2021,Economy,30/04/2021,763
Perth,London,16/04/2021,Economy,30/04/2021,860
Perth,London,17/04/2021,Economy,30/04/2021,825
Perth,London,18/04/2021,Economy,30/04/2021,627
Perth,London,19/04/2021,Economy,30/04/2021,1005
Perth,London,20/04/2021,Economy,30/04/2021,1083
Perth,London,21/04/2021,Economy,30/04/2021,574
Perth,London,22/04/2021,Economy,30/04/2021,1159
Perth,London,23/04/2021,Economy,30/04/2021,1186
Perth,London,24/04/2021,Economy,30/04/2021,1126
Perth,London,25/04/2021,Economy,30/04/2021,480
Perth,London,26/04/2021,Economy,30/04/2021,633
Perth,London,27/04/2021,Economy,30/04/2021,454
Perth,London,28/04/2021,Economy,30/04/2021,1175
Perth,London,29/04/2021,Economy,30/04/2021,754
Perth,London,30/04/2021,Economy,30/04/2021,414
Perth,London,01/05/2021,Economy,31/05/2021,506
Perth,London,02/05/2021,Economy,31/05/2021,305
Perth,London,03/05/2021,Economy,31/05/2021,343
Perth,London,04/05/2021,Economy,31/05/2021,1115
Perth,London,05/05/2021,Economy,31/05/2021,1077
Perth,London,06/05/2021,Economy,31/05/2021,483
Perth,London,07/05/2021,Economy,31/05/2021,520
Perth,London,08/05/2021,Economy,31/05/2021,564
Perth,London,09/05/2021,Economy,31/05/2021,724
Perth,London,10/05/2021,Economy,31/05/2021,967
Perth,London,11/05/2021,Economy,31/05/2021,638
Perth,London,12/05/2021,Economy,31/05/2021,1182
Perth,London,13/05/2021,Economy,31/05/2021,399
Perth,London,14/05/2021,Economy,31/05/2021,883
Perth,London,15/05/2021,Economy,31/05/2021,471
Perth,London,16/05/2021,Economy,31/05/2021,1024
Perth,London,17/05/2021,Economy,31/05/2021,1006
Perth,London,18/05/2021,Economy,31/05/2021,1094
Perth,London,19/05/2021,Economy,31/05/2021,629
Perth,London,20/05/2021,Economy,31/05/2021,470
Perth,London,21/05/2021,Economy,31/05/2021,913
Perth,London,22/05/2021,Economy,31/05/2021,1009
Perth,London,23/05/2021,Economy,31/05/2021,1078
Perth,London,24/05/2021,Economy,31/05/2021,905
Perth,London,25/05/2021,Economy,31/05/2021,991
Perth,London,26/05/2021,Economy,31/05/2021,1011
Perth,London,27/05/2021,Economy,31/05/2021,834
Perth,London,28/05/2021,Economy,31/05/2021,912
Perth,London,29/05/2021,Economy,31/05/2021,638
Perth,London,30/05/2021,Economy,31/05/2021,747
Perth,London,31/05/2021,Economy,31/05/2021,354
Perth,London,01/06/2021,Economy,30/06/2021,471
Perth,London,02/06/2021,Economy,30/06/2021,317
Perth,London,03/06/2021,Economy,30/06/2021,668
Perth,London,04/06/2021,Economy,30/06/2021,1138
Perth,London,05/06/2021,Economy,30/06/2021,909
Perth,London,06/06/2021,Economy,30/06/2021,938
Perth,London,07/06/2021,Economy,30/06/2021,371
Perth,London,08/06/2021,Economy,30/06/2021,706
Perth,London,09/06/2021,Economy,30/06/2021,774
Perth,London,10/06/2021,Economy,30/06/2021,702
Perth,London,11/06/2021,Economy,30/06/2021,1065
Perth,London,12/06/2021,Economy,30/06/2021,976
Perth,London,13/06/2021,Economy,30/06/2021,488
Perth,London,14/06/2021,Economy,30/06/2021,691
Perth,London,15/06/2021,Economy,30/06/2021,577
Perth,London,16/06/2021,Economy,30/06/2021,1122
Perth,London,17/06/2021,Economy,30/06/2021,805
Perth,London,18/06/2021,Economy,30/06/2021,964
Perth,London,19/06/2021,Economy,30/06/2021,457
Perth,London,20/06/2021,Economy,30/06/2021,792
Perth,London,21/06/2021,Economy,30/06/2021,1149
Perth,London,22/06/2021,Economy,30/06/2021,1054
Perth,London,23/06/2021,Economy,30/06/2021,892
Perth,London,24/06/2021,Economy,30/06/2021,562
Perth,London,25/06/2021,Economy,30/06/2021,736
Perth,London,26/06/2021,Economy,30/06/2021,759
Perth,London,27/06/2021,Economy,30/06/2021,484
Perth,London,28/06/2021,Economy,30/06/2021,606
Perth,London,29/06/2021,Economy,30/06/2021,516
Perth,London,30/06/2021,Economy,30/06/2021,1164
Perth,London,01/01/2021,Business,31/01/2021,1153
Perth,London,02/01/2021,Business,31/01/2021,1808
Perth,London,03/01/2021,Business,31/01/2021,2395
Perth,London,04/01/2021,Business,31/01/2021,2465
Perth,London,05/01/2021,Business,31/01/2021,1547
Perth,London,06/01/2021,Business,31/01/2021,1607
Perth,London,07/01/2021,Business,31/01/2021,2286
Perth,London,08/01/2021,Business,31/01/2021,1143
Perth,London,09/01/2021,Business,31/01/2021,2348
Perth,London,10/01/2021,Business,31/01/2021,2248
Perth,London,11/01/2021,Business,31/01/2021,1983
Perth,London,12/01/2021,Business,31/01/2021,1072
Perth,London,13/01/2021,Business,31/01/2021,1498
Perth,London,14/01/2021,Business,31/01/2021,1938
Perth,London,15/01/2021,Business,31/01/2021,808
Perth,London,16/01/2021,Business,31/01/2021,2445
Perth,London,17/01/2021,Business,31/01/2021,1105
Perth,London,18/01/2021,Business,31/01/2021,1059
Perth,London,19/01/2021,Business,31/01/2021,1099
Perth,London,20/01/2021,Business,31/01/2021,2379
Perth,London,21/01/2021,Business,31/01/2021,910
Perth,London,22/01/2021,Business,31/01/2021,1556
Perth,London,23/01/2021,Business,31/01/2021,1395
Perth,London,24/01/2021,Business,31/01/2021,1255
Perth,London,25/01/2021,Business,31/01/2021,832
Perth,London,26/01/2021,Business,31/01/2021,1727
Perth,London,27/01/2021,Business,31/01/2021,1290
Perth,London,28/01/2021,Business,31/01/2021,1609
Perth,London,29/01/2021,Business,31/01/2021,2494
Perth,London,30/01/2021,Business,31/01/2021,1279
Perth,London,31/01/2021,Business,31/01/2021,1925
Perth,London,01/02/2021,Business,28/02/2021,1620
Perth,London,02/02/2021,Business,28/02/2021,1028
Perth,London,03/02/2021,Business,28/02/2021,2245
Perth,London,04/02/2021,Business,28/02/2021,1479
Perth,London,05/02/2021,Business,28/02/2021,2451
Perth,London,06/02/2021,Business,28/02/2021,1846
Perth,London,07/02/2021,Business,28/02/2021,1014
Perth,London,08/02/2021,Business,28/02/2021,2367
Perth,London,09/02/2021,Business,28/02/2021,1963
Perth,London,10/02/2021,Business,28/02/2021,2062
Perth,London,11/02/2021,Business,28/02/2021,1785
Perth,London,12/02/2021,Business,28/02/2021,1518
Perth,London,13/02/2021,Business,28/02/2021,1604
Perth,London,14/02/2021,Business,28/02/2021,1802
Perth,London,15/02/2021,Business,28/02/2021,971
Perth,London,16/02/2021,Business,28/02/2021,2334
Perth,London,17/02/2021,Business,28/02/2021,1159
Perth,London,18/02/2021,Business,28/02/2021,860
Perth,London,19/02/2021,Business,28/02/2021,1606
Perth,London,20/02/2021,Business,28/02/2021,1326
Perth,London,21/02/2021,Business,28/02/2021,1468
Perth,London,22/02/2021,Business,28/02/2021,1021
Perth,London,23/02/2021,Business,28/02/2021,1736
Perth,London,24/02/2021,Business,28/02/2021,2448
Perth,London,25/02/2021,Business,28/02/2021,1504
Perth,London,26/02/2021,Business,28/02/2021,1654
Perth,London,27/02/2021,Business,28/02/2021,1458
Perth,London,28/02/2021,Business,28/02/2021,1593
Perth,London,01/03/2021,Business,31/03/2021,914
Perth,London,02/03/2021,Business,31/03/2021,2444
Perth,London,03/03/2021,Business,31/03/2021,2097
Perth,London,04/03/2021,Business,31/03/2021,1300
Perth,London,05/03/2021,Business,31/03/2021,2070
Perth,London,06/03/2021,Business,31/03/2021,1773
Perth,London,07/03/2021,Business,31/03/2021,1654
Perth,London,08/03/2021,Business,31/03/2021,2249
Perth,London,09/03/2021,Business,31/03/2021,1185
Perth,London,10/03/2021,Business,31/03/2021,936
Perth,London,11/03/2021,Business,31/03/2021,2494
Perth,London,12/03/2021,Business,31/03/2021,2251
Perth,London,13/03/2021,Business,31/03/2021,1877
Perth,London,14/03/2021,Business,31/03/2021,1265
Perth,London,15/03/2021,Business,31/03/2021,1031
Perth,London,16/03/2021,Business,31/03/2021,2141
Perth,London,17/03/2021,Business,31/03/2021,1528
Perth,London,18/03/2021,Business,31/03/2021,1711
Perth,London,19/03/2021,Business,31/03/2021,1938
Perth,London,20/03/2021,Business,31/03/2021,2269
Perth,London,21/03/2021,Business,31/03/2021,2134
Perth,London,22/03/2021,Business,31/03/2021,2306
Perth,London,23/03/2021,Business,31/03/2021,1807
Perth,London,24/03/2021,Business,31/03/2021,2077
Perth,London,25/03/2021,Business,31/03/2021,2055
Perth,London,26/03/2021,Business,31/03/2021,2491
Perth,London,27/03/2021,Business,31/03/2021,2204
Perth,London,28/03/2021,Business,31/03/2021,1744
Perth,London,29/03/2021,Business,31/03/2021,2312
Perth,London,30/03/2021,Business,31/03/2021,2105
Perth,London,31/03/2021,Business,31/03/2021,2208
Perth,London,01/04/2021,Business,30/04/2021,1910
Perth,London,02/04/2021,Business,30/04/2021,1184
Perth,London,03/04/2021,Business,30/04/2021,2048
Perth,London,04/04/2021,Business,30/04/2021,1210
Perth,London,05/04/2021,Business,30/04/2021,1504
Perth,London,06/04/2021,Business,30/04/2021,2261
Perth,London,07/04/2021,Business,30/04/2021,2232
Perth,London,08/04/2021,Business,30/04/2021,2337
Perth,London,09/04/2021,Business,30/04/2021,1481
Perth,London,10/04/2021,Business,30/04/2021,906
Perth,London,11/04/2021,Business,30/04/2021,1246
Perth,London,12/04/2021,Business,30/04/2021,2131
Perth,London,13/04/2021,Business,30/04/2021,1311
Perth,London,14/04/2021,Business,30/04/2021,873
Perth,London,15/04/2021,Business,30/04/2021,1521
Perth,London,16/04/2021,Business,30/04/2021,1597
Perth,London,17/04/2021,Business,30/04/2021,2051
Perth,London,18/04/2021,Business,30/04/2021,1273
Perth,London,19/04/2021,Business,30/04/2021,2261
Perth,London,20/04/2021,Business,30/04/2021,2301
Perth,London,21/04/2021,Business,30/04/2021,941
Perth,London,22/04/2021,Business,30/04/2021,979
Perth,London,23/04/2021,Business,30/04/2021,1416
Perth,London,24/04/2021,Business,30/04/2021,2082
Perth,London,25/04/2021,Business,30/04/2021,1868
Perth,London,26/04/2021,Business,30/04/2021,1619
Perth,London,27/04/2021,Business,30/04/2021,1849
Perth,London,28/04/2021,Business,30/04/2021,1218
Perth,London,29/04/2021,Business,30/04/2021,1950
Perth,London,30/04/2021,Business,30/04/2021,1602
Perth,London,01/05/2021,Business,31/05/2021,1988
Perth,London,02/05/2021,Business,31/05/2021,2213
Perth,London,03/05/2021,Business,31/05/2021,2082
Perth,London,04/05/2021,Business,31/05/2021,945
Perth,London,05/05/2021,Business,31/05/2021,2207
Perth,London,06/05/2021,Business,31/05/2021,1051
Perth,London,07/05/2021,Business,31/05/2021,1893
Perth,London,08/05/2021,Business,31/05/2021,1710
Perth,London,09/05/2021,Business,31/05/2021,1303
Perth,London,10/05/2021,Business,31/05/2021,977
Perth,London,11/05/2021,Business,31/05/2021,2179
Perth,London,12/05/2021,Business,31/05/2021,2240
Perth,London,13/05/2021,Business,31/05/2021,2136
Perth,London,14/05/2021,Business,31/05/2021,2395
Perth,London,15/05/2021,Business,31/05/2021,2047
Perth,London,16/05/2021,Business,31/05/2021,871
Perth,London,17/05/2021,Business,31/05/2021,1060
Perth,London,18/05/2021,Business,31/05/2021,1297
Perth,London,19/05/2021,Business,31/05/2021,1999
Perth,London,20/05/2021,Business,31/05/2021,2100
Perth,London,21/05/2021,Business,31/05/2021,1394
Perth,London,22/05/2021,Business,31/05/2021,1851
Perth,London,23/05/2021,Business,31/05/2021,852
Perth,London,24/05/2021,Business,31/05/2021,1362
Perth,London,25/05/2021,Business,31/05/2021,1395
Perth,London,26/05/2021,Business,31/05/2021,1442
Perth,London,27/05/2021,Business,31/05/2021,2272
Perth,London,28/05/2021,Business,31/05/2021,1897
Perth,London,29/05/2021,Business,31/05/2021,2206
Perth,London,30/05/2021,Business,31/05/2021,1811
Perth,London,31/05/2021,Business,31/05/2021,1780
Perth,London,01/06/2021,Business,30/06/2021,1404
Perth,London,02/06/2021,Business,30/06/2021,2238
Perth,London,03/06/2021,Business,30/06/2021,1241
Perth,London,04/06/2021,Business,30/06/2021,1175
Perth,London,05/06/2021,Business,30/06/2021,2289
Perth,London,06/06/2021,Business,30/06/2021,869
Perth,London,07/06/2021,Business,30/06/2021,2479
Perth,London,08/06/2021,Business,30/06/2021,1866
Perth,London,09/06/2021,Business,30/06/2021,1930
Perth,London,10/06/2021,Business,30/06/2021,1767
Perth,London,11/06/2021,Business,30/06/2021,990
Perth,London,12/06/2021,Business,30/06/2021,1808
Perth,London,13/06/2021,Business,30/06/2021,1163
Perth,London,14/06/2021,Business,30/06/2021,1875
Perth,London,15/06/2021,Business,30/06/2021,949
Perth,London,16/06/2021,Business,30/06/2021,2409
Perth,London,17/06/2021,Business,30/06/2021,2097
Perth,London,18/06/2021,Business,30/06/2021,1691
Perth,London,19/06/2021,Business,30/06/2021,1938
Perth,London,20/06/2021,Business,30/06/2021,1712
Perth,London,21/06/2021,Business,30/06/2021,1894
Perth,London,22/06/2021,Business,30/06/2021,2419
Perth,London,23/06/2021,Business,30/06/2021,2245
Perth,London,24/06/2021,Business,30/06/2021,2095
Perth,London,25/06/2021,Business,30/06/2021,1707
Perth,London,26/06/2021,Business,30/06/2021,2265
Perth,London,27/06/2021,Business,30/06/2021,2399
Perth,London,28/06/2021,Business,30/06/2021,2317
Perth,London,29/06/2021,Business,30/06/2021,1809
Perth,London,30/06/2021,Business,30/06/2021,989
London,Paris,01/01/2021,Economy,15/01/2021,242
London,Paris,02/01/2021,Economy,15/01/2021,172
London,Paris,03/01/2021,Economy,15/01/2021,287
London,Paris,04/01/2021,Economy,15/01/2021,117
London,Paris,05/01/2021,Economy,15/01/2021,105
London,Paris,06/01/2021,Economy,15/01/2021,262
London,Paris,07/01/2021,Economy,15/01/2021,103
London,Paris,08/01/2021,Economy,15/01/2021,88
London,Paris,09/01/2021,Economy,15/01/2021,304
London,Paris,10/01/2021,Economy,15/01/2021,390
London,Paris,11/01/2021,Economy,15/01/2021,117
London,Paris,12/01/2021,Economy,15/01/2021,107
London,Paris,13/01/2021,Economy,15/01/2021,210
London,Paris,14/01/2021,Economy,15/01/2021,187
London,Paris,15/01/2021,Economy,15/01/2021,250
London,Paris,16/01/2021,Economy,15/02/2021,256
London,Paris,17/01/2021,Economy,15/02/2021,304
London,Paris,18/01/2021,Economy,15/02/2021,337
London,Paris,19/01/2021,Economy,15/02/2021,230
London,Paris,20/01/2021,Economy,15/02/2021,88
London,Paris,21/01/2021,Economy,15/02/2021,346
London,Paris,22/01/2021,Economy,15/02/2021,276
London,Paris,23/01/2021,Economy,15/02/2021,229
London,Paris,24/01/2021,Economy,15/02/2021,398
London,Paris,25/01/2021,Economy,15/02/2021,282
London,Paris,26/01/2021,Economy,15/02/2021,228
London,Paris,27/01/2021,Economy,15/02/2021,126
London,Paris,28/01/2021,Economy,15/02/2021,134
London,Paris,29/01/2021,Economy,15/02/2021,117
London,Paris,30/01/2021,Economy,15/02/2021,272
London,Paris,31/01/2021,Economy,15/02/2021,120
London,Paris,01/02/2021,Economy,15/02/2021,288
London,Paris,02/02/2021,Economy,15/02/2021,325
London,Paris,03/02/2021,Economy,15/02/2021,400
London,Paris,04/02/2021,Economy,15/02/2021,113
London,Paris,05/02/2021,Economy,15/02/2021,311
London,Paris,06/02/2021,Economy,15/02/2021,338
London,Paris,07/02/2021,Economy,15/02/2021,127
London,Paris,08/02/2021,Economy,15/02/2021,341
London,Paris,09/02/2021,Economy,15/02/2021,129
London,Paris,10/02/2021,Economy,15/02/2021,163
London,Paris,11/02/2021,Economy,15/02/2021,204
London,Paris,12/02/2021,Economy,15/02/2021,337
London,Paris,13/02/2021,Economy,15/02/2021,340
London,Paris,14/02/2021,Economy,15/02/2021,307
London,Paris,15/02/2021,Economy,15/02/2021,170
London,Paris,16/02/2021,Economy,15/03/2021,277
London,Paris,17/02/2021,Economy,15/03/2021,311
London,Paris,18/02/2021,Economy,15/03/2021,80
London,Paris,19/02/2021,Economy,15/03/2021,150
London,Paris,20/02/2021,Economy,15/03/2021,376
London,Paris,21/02/2021,Economy,15/03/2021,123
London,Paris,22/02/2021,Economy,15/03/2021,161
London,Paris,23/02/2021,Economy,15/03/2021,162
London,Paris,24/02/2021,Economy,15/03/2021,274
London,Paris,25/02/2021,Economy,15/03/2021,287
London,Paris,26/02/2021,Economy,15/03/2021,186
London,Paris,27/02/2021,Economy,15/03/2021,162
London,Paris,28/02/2021,Economy,15/03/2021,283
London,Paris,01/03/2021,Economy,15/03/2021,141
London,Paris,02/03/2021,Economy,15/03/2021,133
London,Paris,03/03/2021,Economy,15/03/2021,255
London,Paris,04/03/2021,Economy,15/03/2021,342
London,Paris,05/03/2021,Economy,15/03/2021,271
London,Paris,06/03/2021,Economy,15/03/2021,347
London,Paris,07/03/2021,Economy,15/03/2021,294
London,Paris,08/03/2021,Economy,15/03/2021,130
London,Paris,09/03/2021,Economy,15/03/2021,196
London,Paris,10/03/2021,Economy,15/03/2021,146
London,Paris,11/03/2021,Economy,15/03/2021,132
London,Paris,12/03/2021,Economy,15/03/2021,249
London,Paris,13/03/2021,Economy,15/03/2021,268
London,Paris,14/03/2021,Economy,15/03/2021,255
London,Paris,15/03/2021,Economy,15/03/2021,134
London,Paris,16/03/2021,Economy,15/04/2021,394
London,Paris,17/03/2021,Economy,15/04/2021,166
London,Paris,18/03/2021,Economy,15/04/2021,392
London,Paris,19/03/2021,Economy,15/04/2021,135
London,Paris,20/03/2021,Economy,15/04/2021,303
London,Paris,21/03/2021,Economy,15/04/2021,293
London,Paris,22/03/2021,Economy,15/04/2021,130
London,Paris,23/03/2021,Economy,15/04/2021,211
London,Paris,24/03/2021,Economy,15/04/2021,85
London,Paris,25/03/2021,Economy,15/04/2021,126
London,Paris,26/03/2021,Economy,15/04/2021,395
London,Paris,27/03/2021,Economy,15/04/2021,200
London,Paris,28/03/2021,Economy,15/04/2021,253
London,Paris,29/03/2021,Economy,15/04/2021,294
London,Paris,30/03/2021,Economy,15/04/2021,113
London,Paris,31/03/2021,Economy,15/04/2021,161
London,Paris,01/04/2021,Economy,15/04/2021,221
London,Paris,02/04/2021,Economy,15/04/2021,116
London,Paris,03/04/2021,Economy,15/04/2021,262
London,Paris,04/04/2021,Economy,15/04/2021,217
London,Paris,05/04/2021,Economy,15/04/2021,274
London,Paris,06/04/2021,Economy,15/04/2021,281
London,Paris,07/04/2021,Economy,15/04/2021,296
London,Paris,08/04/2021,Economy,15/04/2021,363
London,Paris,09/04/2021,Economy,15/04/2021,118
London,Paris,10/04/2021,Economy,15/04/2021,297
London,Paris,11/04/2021,Economy,15/04/2021,161
London,Paris,12/04/2021,Economy,15/04/2021,384
London,Paris,13/04/2021,Economy,15/04/2021,358
London,Paris,14/04/2021,Economy,15/04/2021,291
London,Paris,15/04/2021,Economy,15/04/2021,219
London,Paris,16/04/2021,Economy,15/05/2021,347
London,Paris,17/04/2021,Economy,15/05/2021,345
London,Paris,18/04/2021,Economy,15/05/2021,330
London,Paris,19/04/2021,Economy,15/05/2021,296
London,Paris,20/04/2021,Economy,15/05/2021,186
London,Paris,21/04/2021,Economy,15/05/2021,284
London,Paris,22/04/2021,Economy,15/05/2021,209
London,Paris,23/04/2021,Economy,15/05/2021,295
London,Paris,24/04/2021,Economy,15/05/2021,198
London,Paris,25/04/2021,Economy,15/05/2021,282
London,Paris,26/04/2021,Economy,15/05/2021,146
London,Paris,27/04/2021,Economy,15/05/2021,149
London,Paris,28/04/2021,Economy,15/05/2021,193
London,Paris,29/04/2021,Economy,15/05/2021,199
London,Paris,30/04/2021,Economy,15/05/2021,195
London,Paris,01/05/2021,Economy,15/05/2021,285
London,Paris,02/05/2021,Economy,15/05/2021,354
London,Paris,03/05/2021,Economy,15/05/2021,134
London,Paris,04/05/2021,Economy,15/05/2021,164
London,Paris,05/05/2021,Economy,15/05/2021,374
London,Paris,06/05/2021,Economy,15/05/2021,327
London,Paris,07/05/2021,Economy,15/05/2021,286
London,Paris,08/05/2021,Economy,15/05/2021,309
London,Paris,09/05/2021,Economy,15/05/2021,324
London,Paris,10/05/2021,Economy,15/05/2021,395
London,Paris,11/05/2021,Economy,15/05/2021,310
London,Paris,12/05/2021,Economy,15/05/2021,378
London,Paris,13/05/2021,Economy,15/05/2021,183
London,Paris,14/05/2021,Economy,15/05/2021,232
London,Paris,15/05/2021,Economy,15/05/2021,348
London,Paris,16/05/2021,Economy,15/06/2021,225
London,Paris,17/05/2021,Economy,15/06/2021,130
London,Paris,18/05/2021,Economy,15/06/2021,94
London,Paris,19/05/2021,Economy,15/06/2021,152
London,Paris,20/05/2021,Economy,15/06/2021,392
London,Paris,21/05/2021,Economy,15/06/2021,178
London,Paris,22/05/2021,Economy,15/06/2021,394
London,Paris,23/05/2021,Economy,15/06/2021,205
London,Paris,24/05/2021,Economy,15/06/2021,358
London,Paris,25/05/2021,Economy,15/06/2021,103
London,Paris,26/05/2021,Economy,15/06/2021,278
London,Paris,27/05/2021,Economy,15/06/2021,323
London,Paris,28/05/2021,Economy,15/06/2021,300
London,Paris,29/05/2021,Economy,15/06/2021,116
London,Paris,30/05/2021,Economy,15/06/2021,144
London,Paris,31/05/2021,Economy,15/06/2021,277
London,Paris,01/06/2021,Economy,15/06/2021,337
London,Paris,02/06/2021,Economy,15/06/2021,118
London,Paris,03/06/2021,Economy,15/06/2021,175
London,Paris,04/06/2021,Economy,15/06/2021,83
London,Paris,05/06/2021,Economy,15/06/2021,164
London,Paris,06/06/2021,Economy,15/06/2021,95
London,Paris,07/06/2021,Economy,15/06/2021,365
London,Paris,08/06/2021,Economy,15/06/2021,198
London,Paris,09/06/2021,Economy,15/06/2021,135
London,Paris,10/06/2021,Economy,15/06/2021,209
London,Paris,11/06/2021,Economy,15/06/2021,212
London,Paris,12/06/2021,Economy,15/06/2021,343
London,Paris,13/06/2021,Economy,15/06/2021,388
London,Paris,14/06/2021,Economy,15/06/2021,282
London,Paris,15/06/2021,Economy,15/06/2021,125
London,Paris,16/06/2021,Economy,15/07/2021,146
London,Paris,17/06/2021,Economy,15/07/2021,291
London,Paris,18/06/2021,Economy,15/07/2021,374
London,Paris,19/06/2021,Economy,15/07/2021,341
London,Paris,20/06/2021,Economy,15/07/2021,352
London,Paris,21/06/2021,Economy,15/07/2021,253
London,Paris,22/06/2021,Economy,15/07/2021,129
London,Paris,23/06/2021,Economy,15/07/2021,347
London,Paris,24/06/2021,Economy,15/07/2021,313
London,Paris,25/06/2021,Economy,15/07/2021,263
London,Paris,26/06/2021,Economy,15/07/2021,345
London,Paris,27/06/2021,Economy,15/07/2021,138
London,Paris,28/06/2021,Economy,15/07/2021,367
London,Paris,29/06/2021,Economy,15/07/2021,302
London,Paris,30/06/2021,Economy,15/07/2021,364
London,Paris,01/01/2021,Business,15/01/2021,1459
London,Paris,02/01/2021,Business,15/01/2021,794
London,Paris,03/01/2021,Business,15/01/2021,883
London,Paris,04/01/2021,Business,15/01/2021,1028
London,Paris,05/01/2021,Business,15/01/2021,1020
London,Paris,06/01/2021,Business,15/01/2021,998
London,Paris,07/01/2021,Business,15/01/2021,947
London,Paris,08/01/2021,Business,15/01/2021,991
London,Paris,09/01/2021,Business,15/01/2021,703
London,Paris,10/01/2021,Business,15/01/2021,1385
London,Paris,11/01/2021,Business,15/01/2021,1441
London,Paris,12/01/2021,Business,15/01/2021,838
London,Paris,13/01/2021,Business,15/01/2021,915
London,Paris,14/01/2021,Business,15/01/2021,995
London,Paris,15/01/2021,Business,15/01/2021,929
London,Paris,16/01/2021,Business,15/02/2021,1463
London,Paris,17/01/2021,Business,15/02/2021,1302
London,Paris,18/01/2021,Business,15/02/2021,761
London,Paris,19/01/2021,Business,15/02/2021,1198
London,Paris,20/01/2021,Business,15/02/2021,1263
London,Paris,21/01/2021,Business,15/02/2021,1422
London,Paris,22/01/2021,Business,15/02/2021,1011
London,Paris,23/01/2021,Business,15/02/2021,824
London,Paris,24/01/2021,Business,15/02/2021,858
London,Paris,25/01/2021,Business,15/02/2021,1448
London,Paris,26/01/2021,Business,15/02/2021,775
London,Paris,27/01/2021,Business,15/02/2021,1059
London,Paris,28/01/2021,Business,15/02/2021,1052
London,Paris,29/01/2021,Business,15/02/2021,1369
London,Paris,30/01/2021,Business,15/02/2021,1175
London,Paris,31/01/2021,Business,15/02/2021,1429
London,Paris,01/02/2021,Business,15/02/2021,706
London,Paris,02/02/2021,Business,15/02/2021,875
London,Paris,03/02/2021,Business,15/02/2021,1355
London,Paris,04/02/2021,Business,15/02/2021,776
London,Paris,05/02/2021,Business,15/02/2021,1365
London,Paris,06/02/2021,Business,15/02/2021,1445
London,Paris,07/02/2021,Business,15/02/2021,728
London,Paris,08/02/2021,Business,15/02/2021,774
London,Paris,09/02/2021,Business,15/02/2021,1343
London,Paris,10/02/2021,Business,15/02/2021,805
London,Paris,11/02/2021,Business,15/02/2021,1016
London,Paris,12/02/2021,Business,15/02/2021,682
London,Paris,13/02/2021,Business,15/02/2021,756
London,Paris,14/02/2021,Business,15/02/2021,1103
London,Paris,15/02/2021,Business,15/02/2021,1483
London,Paris,16/02/2021,Business,15/03/2021,1455
London,Paris,17/02/2021,Business,15/03/2021,1127
London,Paris,18/02/2021,Business,15/03/2021,1434
London,Paris,19/02/2021,Business,15/03/2021,837
London,Paris,20/02/2021,Business,15/03/2021,1424
London,Paris,21/02/2021,Business,15/03/2021,1108
London,Paris,22/02/2021,Business,15/03/2021,1093
London,Paris,23/02/2021,Business,15/03/2021,1007
London,Paris,24/02/2021,Business,15/03/2021,765
London,Paris,25/02/2021,Business,15/03/2021,1362
London,Paris,26/02/2021,Business,15/03/2021,1277
London,Paris,27/02/2021,Business,15/03/2021,898
London,Paris,28/02/2021,Business,15/03/2021,888
London,Paris,01/03/2021,Business,15/03/2021,775
London,Paris,02/03/2021,Business,15/03/2021,1185
London,Paris,03/03/2021,Business,15/03/2021,1115
London,Paris,04/03/2021,Business,15/03/2021,1236
London,Paris,05/03/2021,Business,15/03/2021,901
London,Paris,06/03/2021,Business,15/03/2021,1068
London,Paris,07/03/2021,Business,15/03/2021,951
London,Paris,08/03/2021,Business,15/03/2021,1216
London,Paris,09/03/2021,Business,15/03/2021,903
London,Paris,10/03/2021,Business,15/03/2021,857
London,Paris,11/03/2021,Business,15/03/2021,774
London,Paris,12/03/2021,Business,15/03/2021,981
London,Paris,13/03/2021,Business,15/03/2021,714
London,Paris,14/03/2021,Business,15/03/2021,763
London,Paris,15/03/2021,Business,15/03/2021,1071
London,Paris,16/03/2021,Business,15/04/2021,1218
London,Paris,17/03/2021,Business,15/04/2021,744
London,Paris,18/03/2021,Business,15/04/2021,1057
London,Paris,19/03/2021,Business,15/04/2021,1263
London,Paris,20/03/2021,Business,15/04/2021,971
London,Paris,21/03/2021,Business,15/04/2021,1047
London,Paris,22/03/2021,Business,15/04/2021,914
London,Paris,23/03/2021,Business,15/04/2021,1005
London,Paris,24/03/2021,Business,15/04/2021,1051
London,Paris,25/03/2021,Business,15/04/2021,1173
London,Paris,26/03/2021,Business,15/04/2021,866
London,Paris,27/03/2021,Business,15/04/2021,1229
London,Paris,28/03/2021,Business,15/04/2021,832
London,Paris,29/03/2021,Business,15/04/2021,1090
London,Paris,30/03/2021,Business,15/04/2021,1013
London,Paris,31/03/2021,Business,15/04/2021,722
London,Paris,01/04/2021,Business,15/04/2021,1231
London,Paris,02/04/2021,Business,15/04/2021,774
London,Paris,03/04/2021,Business,15/04/2021,1120
London,Paris,04/04/2021,Business,15/04/2021,944
London,Paris,05/04/2021,Business,15/04/2021,918
London,Paris,06/04/2021,Business,15/04/2021,1354
London,Paris,07/04/2021,Business,15/04/2021,1107
London,Paris,08/04/2021,Business,15/04/2021,1316
London,Paris,09/04/2021,Business,15/04/2021,768
London,Paris,10/04/2021,Business,15/04/2021,1469
London,Paris,11/04/2021,Business,15/04/2021,1165
London,Paris,12/04/2021,Business,15/04/2021,1057
London,Paris,13/04/2021,Business,15/04/2021,697
London,Paris,14/04/2021,Business,15/04/2021,1091
London,Paris,15/04/2021,Business,15/04/2021,649
London,Paris,16/04/2021,Business,15/05/2021,1139
London,Paris,17/04/2021,Business,15/05/2021,1266
London,Paris,18/04/2021,Business,15/05/2021,1279
London,Paris,19/04/2021,Business,15/05/2021,1259
London,Paris,20/04/2021,Business,15/05/2021,1171
London,Paris,21/04/2021,Business,15/05/2021,866
London,Paris,22/04/2021,Business,15/05/2021,1343
London,Paris,23/04/2021,Business,15/05/2021,1335
London,Paris,24/04/2021,Business,15/05/2021,1150
London,Paris,25/04/2021,Business,15/05/2021,613
London,Paris,26/04/2021,Business,15/05/2021,670
London,Paris,27/04/2021,Business,15/05/2021,844
London,Paris,28/04/2021,Business,15/05/2021,1121
London,Paris,29/04/2021,Business,15/05/2021,1475
London,Paris,30/04/2021,Business,15/05/2021,985
London,Paris,01/05/2021,Business,15/05/2021,1122
London,Paris,02/05/2021,Business,15/05/2021,1304
London,Paris,03/05/2021,Business,15/05/2021,662
London,Paris,04/05/2021,Business,15/05/2021,1412
London,Paris,05/05/2021,Business,15/05/2021,1149
London,Paris,06/05/2021,Business,15/05/2021,814
London,Paris,07/05/2021,Business,15/05/2021,1220
London,Paris,08/05/2021,Business,15/05/2021,1295
London,Paris,09/05/2021,Business,15/05/2021,1055
London,Paris,10/05/2021,Business,15/05/2021,629
London,Paris,11/05/2021,Business,15/05/2021,1278
London,Paris,12/05/2021,Business,15/05/2021,1430
London,Paris,13/05/2021,Business,15/05/2021,993
London,Paris,14/05/2021,Business,15/05/2021,1061
London,Paris,15/05/2021,Business,15/05/2021,1466
London,Paris,16/05/2021,Business,15/06/2021,1476
London,Paris,17/05/2021,Business,15/06/2021,836
London,Paris,18/05/2021,Business,15/06/2021,1263
London,Paris,19/05/2021,Business,15/06/2021,1088
London,Paris,20/05/2021,Business,15/06/2021,1070
London,Paris,21/05/2021,Business,15/06/2021,1008
London,Paris,22/05/2021,Business,15/06/2021,811
London,Paris,23/05/2021,Business,15/06/2021,756
London,Paris,24/05/2021,Business,15/06/2021,1106
London,Paris,25/05/2021,Business,15/06/2021,701
London,Paris,26/05/2021,Business,15/06/2021,733
London,Paris,27/05/2021,Business,15/06/2021,1180
London,Paris,28/05/2021,Business,15/06/2021,1287
London,Paris,29/05/2021,Business,15/06/2021,1107
London,Paris,30/05/2021,Business,15/06/2021,869
London,Paris,31/05/2021,Business,15/06/2021,968
London,Paris,01/06/2021,Business,15/06/2021,1403
London,Paris,02/06/2021,Business,15/06/2021,1310
London,Paris,03/06/2021,Business,15/06/2021,1128
London,Paris,04/06/2021,Business,15/06/2021,1025
London,Paris,05/06/2021,Business,15/06/2021,603
London,Paris,06/06/2021,Business,15/06/2021,1437
London,Paris,07/06/2021,Business,15/06/2021,963
London,Paris,08/06/2021,Business,15/06/2021,1403
London,Paris,09/06/2021,Business,15/06/2021,1012
London,Paris,10/06/2021,Business,15/06/2021,749
London,Paris,11/06/2021,Business,15/06/2021,964
London,Paris,12/06/2021,Business,15/06/2021,1319
London,Paris,13/06/2021,Business,15/06/2021,637
London,Paris,14/06/2021,Business,15/06/2021,1124
London,Paris,15/06/2021,Business,15/06/2021,676
London,Paris,16/06/2021,Business,15/07/2021,604
London,Paris,17/06/2021,Business,15/07/2021,1161
London,Paris,18/06/2021,Business,15/07/2021,608
London,Paris,19/06/2021,Business,15/07/2021,664
London,Paris,20/06/2021,Business,15/07/2021,767
London,Paris,21/06/2021,Business,15/07/2021,1384
London,Paris,22/06/2021,Business,15/07/2021,995
London,Paris,23/06/2021,Business,15/07/2021,1479
London,Paris,24/06/2021,Business,15/07/2021,684
London,Paris,25/06/2021,Business,15/07/2021,1048
London,Paris,26/06/2021,Business,15/07/2021,882
London,Paris,27/06/2021,Business,15/07/2021,1410
London,Paris,28/06/2021,Business,15/07/2021,1071
London,Paris,29/06/2021,Business,15/07/2021,976
London,Paris,30/06/2021,Business,15/07/2021,1412
Paris,London,01/01/2021,Economy,15/01/2021,225
Paris,London,02/01/2021,Economy,15/01/2021,240
Paris,London,03/01/2021,Economy,15/01/2021,383
Paris,London,04/01/2021,Economy,15/01/2021,80
Paris,London,05/01/2021,Economy,15/01/2021,150
Paris,London,06/01/2021,Economy,15/01/2021,319
Paris,London,07/01/2021,Economy,15/01/2021,363
Paris,London,08/01/2021,Economy,15/01/2021,213
Paris,London,09/01/2021,Economy,15/01/2021,117
Paris,London,10/01/2021,Economy,15/01/2021,257
Paris,London,11/01/2021,Economy,15/01/2021,388
Paris,London,12/01/2021,Economy,15/01/2021,82
Paris,London,13/01/2021,Economy,15/01/2021,103
Paris,London,14/01/2021,Economy,15/01/2021,103
Paris,London,15/01/2021,Economy,15/01/2021,251
Paris,London,16/01/2021,Economy,15/02/2021,285
Paris,London,17/01/2021,Economy,15/02/2021,317
Paris,London,18/01/2021,Economy,15/02/2021,225
Paris,London,19/01/2021,Economy,15/02/2021,377
Paris,London,20/01/2021,Economy,15/02/2021,81
Paris,London,21/01/2021,Economy,15/02/2021,297
Paris,London,22/01/2021,Economy,15/02/2021,193
Paris,London,23/01/2021,Economy,15/02/2021,106
Paris,London,24/01/2021,Economy,15/02/2021,117
Paris,London,25/01/2021,Economy,15/02/2021,296
Paris,London,26/01/2021,Economy,15/02/2021,167
Paris,London,27/01/2021,Economy,15/02/2021,218
Paris,London,28/01/2021,Economy,15/02/2021,177
Paris,London,29/01/2021,Economy,15/02/2021,173
Paris,London,30/01/2021,Economy,15/02/2021,186
Paris,London,31/01/2021,Economy,15/02/2021,394
Paris,London,01/02/2021,Economy,15/02/2021,270
Paris,London,02/02/2021,Economy,15/02/2021,348
Paris,London,03/02/2021,Economy,15/02/2021,247
Paris,London,04/02/2021,Economy,15/02/2021,309
Paris,London,05/02/2021,Economy,15/02/2021,306
Paris,London,06/02/2021,Economy,15/02/2021,137
Paris,London,07/02/2021,Economy,15/02/2021,378
Paris,London,08/02/2021,Economy,15/02/2021,175
Paris,London,09/02/2021,Economy,15/02/2021,204
Paris,London,10/02/2021,Economy,15/02/2021,306
Paris,London,11/02/2021,Economy,15/02/2021,399
Paris,London,12/02/2021,Economy,15/02/2021,376
Paris,London,13/02/2021,Economy,15/02/2021,170
Paris,London,14/02/2021,Economy,15/02/2021,346
Paris,London,15/02/2021,Economy,15/02/2021,368
Paris,London,16/02/2021,Economy,15/03/2021,390
Paris,London,17/02/2021,Economy,15/03/2021,220
Paris,London,18/02/2021,Economy,15/03/2021,97
Paris,London,19/02/2021,Economy,15/03/2021,347
Paris,London,20/02/2021,Economy,15/03/2021,290
Paris,London,21/02/2021,Economy,15/03/2021,211
Paris,London,22/02/2021,Economy,15/03/2021,289
Paris,London,23/02/2021,Economy,15/03/2021,195
Paris,London,24/02/2021,Economy,15/03/2021,276
Paris,London,25/02/2021,Economy,15/03/2021,381
Paris,London,26/02/2021,Economy,15/03/2021,166
Paris,London,27/02/2021,Economy,15/03/2021,89
Paris,London,28/02/2021,Economy,15/03/2021,275
Paris,London,01/03/2021,Economy,15/03/2021,257
Paris,London,02/03/2021,Economy,15/03/2021,318
Paris,London,03/03/2021,Economy,15/03/2021,124
Paris,London,04/03/2021,Economy,15/03/2021,146
Paris,London,05/03/2021,Economy,15/03/2021,301
Paris,London,06/03/2021,Economy,15/03/2021,236
Paris,London,07/03/2021,Economy,15/03/2021,354
Paris,London,08/03/2021,Economy,15/03/2021,152
Paris,London,09/03/2021,Economy,15/03/2021,255
Paris,London,10/03/2021,Economy,15/03/2021,238
Paris,London,11/03/2021,Economy,15/03/2021,378
Paris,London,12/03/2021,Economy,15/03/2021,171
Paris,London,13/03/2021,Economy,15/03/2021,268
Paris,London,14/03/2021,Economy,15/03/2021,392
Paris,London,15/03/2021,Economy,15/03/2021,351
Paris,London,16/03/2021,Economy,15/04/2021,280
Paris,London,17/03/2021,Economy,15/04/2021,216
Paris,London,18/03/2021,Economy,15/04/2021,122
Paris,London,19/03/2021,Economy,15/04/2021,280
Paris,London,20/03/2021,Economy,15/04/2021,239
Paris,London,21/03/2021,Economy,15/04/2021,357
Paris,London,22/03/2021,Economy,15/04/2021,199
Paris,London,23/03/2021,Economy,15/04/2021,200
Paris,London,24/03/2021,Economy,15/04/2021,184
Paris,London,25/03/2021,Economy,15/04/2021,99
Paris,London,26/03/2021,Economy,15/04/2021,225
Paris,London,27/03/2021,Economy,15/04/2021,215
Paris,London,28/03/2021,Economy,15/04/2021,283
Paris,London,29/03/2021,Economy,15/04/2021,80
Paris,London,30/03/2021,Economy,15/04/2021,343
Paris,London,31/03/2021,Economy,15/04/2021,400
Paris,London,01/04/2021,Economy,15/04/2021,221
Paris,London,02/04/2021,Economy,15/04/2021,121
Paris,London,03/04/2021,Economy,15/04/2021,181
Paris,London,04/04/2021,Economy,15/04/2021,244
Paris,London,05/04/2021,Economy,15/04/2021,247
Paris,London,06/04/2021,Economy,15/04/2021,215
Paris,London,07/04/2021,Economy,15/04/2021,86
Paris,London,08/04/2021,Economy,15/04/2021,396
Paris,London,09/04/2021,Economy,15/04/2021,204
Paris,London,10/04/2021,Economy,15/04/2021,130
Paris,London,11/04/2021,Economy,15/04/2021,305
Paris,London,12/04/2021,Economy,15/04/2021,213
Paris,London,13/04/2021,Economy,15/04/2021,193
Paris,London,14/04/2021,Economy,15/04/2021,216
Paris,London,15/04/2021,Economy,15/04/2021,336
Paris,London,16/04/2021,Economy,15/05/2021,349
Paris,London,17/04/2021,Economy,15/05/2021,186
Paris,London,18/04/2021,Economy,15/05/2021,305
Paris,London,19/04/2021,Economy,15/05/2021,202
Paris,London,20/04/2021,Economy,15/05/2021,195
Paris,London,21/04/2021,Economy,15/05/2021,191
Paris,London,22/04/2021,Economy,15/05/2021,372
Paris,London,23/04/2021,Economy,15/05/2021,310
Paris,London,24/04/2021,Economy,15/05/2021,286
Paris,London,25/04/2021,Economy,15/05/2021,344
Paris,London,26/04/2021,Economy,15/05/2021,372
Paris,London,27/04/2021,Economy,15/05/2021,241
Paris,London,28/04/2021,Economy,15/05/2021,149
Paris,London,29/04/2021,Economy,15/05/2021,346
Paris,London,30/04/2021,Economy,15/05/2021,368
Paris,London,01/05/2021,Economy,15/05/2021,322
Paris,London,02/05/2021,Economy,15/05/2021,253
Paris,London,03/05/2021,Economy,15/05/2021,218
Paris,London,04/05/2021,Economy,15/05/2021,390
Paris,London,05/05/2021,Economy,15/05/2021,282
Paris,London,06/05/2021,Economy,15/05/2021,354
Paris,London,07/05/2021,Economy,15/05/2021,122
Paris,London,08/05/2021,Economy,15/05/2021,361
Paris,London,09/05/2021,Economy,15/05/2021,135
Paris,London,10/05/2021,Economy,15/05/2021,325
Paris,London,11/05/2021,Economy,15/05/2021,172
Paris,London,12/05/2021,Economy,15/05/2021,157
Paris,London,13/05/2021,Economy,15/05/2021,99
Paris,London,14/05/2021,Economy,15/05/2021,81
Paris,London,15/05/2021,Economy,15/05/2021,361
Paris,London,16/05/2021,Economy,15/06/2021,229
Paris,London,17/05/2021,Economy,15/06/2021,88
Paris,London,18/05/2021,Economy,15/06/2021,369
Paris,London,19/05/2021,Economy,15/06/2021,352
Paris,London,20/05/2021,Economy,15/06/2021,115
Paris,London,21/05/2021,Economy,15/06/2021,221
Paris,London,22/05/2021,Economy,15/06/2021,387
Paris,London,23/05/2021,Economy,15/06/2021,255
Paris,London,24/05/2021,Economy,15/06/2021,396
Paris,London,25/05/2021,Economy,15/06/2021,395
Paris,London,26/05/2021,Economy,15/06/2021,207
Paris,London,27/05/2021,Economy,15/06/2021,175
Paris,London,28/05/2021,Economy,15/06/2021,321
Paris,London,29/05/2021,Economy,15/06/2021,82
Paris,London,30/05/2021,Economy,15/06/2021,287
Paris,London,31/05/2021,Economy,15/06/2021,222
Paris,London,01/06/2021,Economy,15/06/2021,353
Paris,London,02/06/2021,Economy,15/06/2021,196
Paris,London,03/06/2021,Economy,15/06/2021,230
Paris,London,04/06/2021,Economy,15/06/2021,205
Paris,London,05/06/2021,Economy,15/06/2021,210
Paris,London,06/06/2021,Economy,15/06/2021,400
Paris,London,07/06/2021,Economy,15/06/2021,82
Paris,London,08/06/2021,Economy,15/06/2021,203
Paris,London,09/06/2021,Economy,15/06/2021,373
Paris,London,10/06/2021,Economy,15/06/2021,276
Paris,London,11/06/2021,Economy,15/06/2021,371
Paris,London,12/06/2021,Economy,15/06/2021,296
Paris,London,13/06/2021,Economy,15/06/2021,374
Paris,London,14/06/2021,Economy,15/06/2021,85
Paris,London,15/06/2021,Economy,15/06/2021,290
Paris,London,16/06/2021,Economy,15/07/2021,330
Paris,London,17/06/2021,Economy,15/07/2021,133
Paris,London,18/06/2021,Economy,15/07/2021,268
Paris,London,19/06/2021,Economy,15/07/2021,227
Paris,London,20/06/2021,Economy,15/07/2021,194
Paris,London,21/06/2021,Economy,15/07/2021,245
Paris,London,22/06/2021,Economy,15/07/2021,217
Paris,London,23/06/2021,Economy,15/07/2021,148
Paris,London,24/06/2021,Economy,15/07/2021,371
Paris,London,25/06/2021,Economy,15/07/2021,224
Paris,London,26/06/2021,Economy,15/07/2021,202
Paris,London,27/06/2021,Economy,15/07/2021,320
Paris,London,28/06/2021,Economy,15/07/2021,176
Paris,London,29/06/2021,Economy,15/07/2021,131
Paris,London,30/06/2021,Economy,15/07/2021,104
Paris,London,01/01/2021,Business,15/01/2021,1398
Paris,London,02/01/2021,Business,15/01/2021,1102
Paris,London,03/01/2021,Business,15/01/2021,650
Paris,London,04/01/2021,Business,15/01/2021,1099
Paris,London,05/01/2021,Business,15/01/2021,1472
Paris,London,06/01/2021,Business,15/01/2021,1405
Paris,London,07/01/2021,Business,15/01/2021,1443
Paris,London,08/01/2021,Business,15/01/2021,1357
Paris,London,09/01/2021,Business,15/01/2021,693
Paris,London,10/01/2021,Business,15/01/2021,928
Paris,London,11/01/2021,Business,15/01/2021,918
Paris,London,12/01/2021,Business,15/01/2021,602
Paris,London,13/01/2021,Business,15/01/2021,1282
Paris,London,14/01/2021,Business,15/01/2021,1268
Paris,London,15/01/2021,Business,15/01/2021,849
Paris,London,16/01/2021,Business,15/02/2021,1419
Paris,London,17/01/2021,Business,15/02/2021,901
Paris,London,18/01/2021,Business,15/02/2021,1004
Paris,London,19/01/2021,Business,15/02/2021,1384
Paris,London,20/01/2021,Business,15/02/2021,1375
Paris,London,21/01/2021,Business,15/02/2021,603
Paris,London,22/01/2021,Business,15/02/2021,1035
Paris,London,23/01/2021,Business,15/02/2021,638
Paris,London,24/01/2021,Business,15/02/2021,1262
Paris,London,25/01/2021,Business,15/02/2021,931
Paris,London,26/01/2021,Business,15/02/2021,827
Paris,London,27/01/2021,Business,15/02/2021,993
Paris,London,28/01/2021,Business,15/02/2021,697
Paris,London,29/01/2021,Business,15/02/2021,1068
Paris,London,30/01/2021,Business,15/02/2021,751
Paris,London,31/01/2021,Business,15/02/2021,1245
Paris,London,01/02/2021,Business,15/02/2021,629
Paris,London,02/02/2021,Business,15/02/2021,1205
Paris,London,03/02/2021,Business,15/02/2021,1190
Paris,London,04/02/2021,Business,15/02/2021,876
Paris,London,05/02/2021,Business,15/02/2021,1353
Paris,London,06/02/2021,Business,15/02/2021,1315
Paris,London,07/02/2021,Business,15/02/2021,1463
Paris,London,08/02/2021,Business,15/02/2021,815
Paris,London,09/02/2021,Business,15/02/2021,904
Paris,London,10/02/2021,Business,15/02/2021,1194
Paris,London,11/02/2021,Business,15/02/2021,1280
Paris,London,12/02/2021,Business,15/02/2021,959
Paris,London,13/02/2021,Business,15/02/2021,881
Paris,London,14/02/2021,Business,15/02/2021,850
Paris,London,15/02/2021,Business,15/02/2021,718
Paris,London,16/02/2021,Business,15/03/2021,821
Paris,London,17/02/2021,Business,15/03/2021,1459
Paris,London,18/02/2021,Business,15/03/2021,1433
Paris,London,19/02/2021,Business,15/03/2021,1416
Paris,London,20/02/2021,Business,15/03/2021,639
Paris,London,21/02/2021,Business,15/03/2021,870
Paris,London,22/02/2021,Business,15/03/2021,1426
Paris,London,23/02/2021,Business,15/03/2021,1171
Paris,London,24/02/2021,Business,15/03/2021,1265
Paris,London,25/02/2021,Business,15/03/2021,874
Paris,London,26/02/2021,Business,15/03/2021,1323
Paris,London,27/02/2021,Business,15/03/2021,1414
Paris,London,28/02/2021,Business,15/03/2021,1401
Paris,London,01/03/2021,Business,15/03/2021,861
Paris,London,02/03/2021,Business,15/03/2021,1396
Paris,London,03/03/2021,Business,15/03/2021,1196
Paris,London,04/03/2021,Business,15/03/2021,1010
Paris,London,05/03/2021,Business,15/03/2021,625
Paris,London,06/03/2021,Business,15/03/2021,1349
Paris,London,07/03/2021,Business,15/03/2021,963
Paris,London,08/03/2021,Business,15/03/2021,1376
Paris,London,09/03/2021,Business,15/03/2021,1122
Paris,London,10/03/2021,Business,15/03/2021,1246
Paris,London,11/03/2021,Business,15/03/2021,611
Paris,London,12/03/2021,Business,15/03/2021,1002
Paris,London,13/03/2021,Business,15/03/2021,900
Paris,London,14/03/2021,Business,15/03/2021,1437
Paris,London,15/03/2021,Business,15/03/2021,1453
Paris,London,16/03/2021,Business,15/04/2021,881
Paris,London,17/03/2021,Business,15/04/2021,935
Paris,London,18/03/2021,Business,15/04/2021,887
Paris,London,19/03/2021,Business,15/04/2021,779
Paris,London,20/03/2021,Business,15/04/2021,1184
Paris,London,21/03/2021,Business,15/04/2021,1001
Paris,London,22/03/2021,Business,15/04/2021,953
Paris,London,23/03/2021,Business,15/04/2021,803
Paris,London,24/03/2021,Business,15/04/2021,1285
Paris,London,25/03/2021,Business,15/04/2021,882
Paris,London,26/03/2021,Business,15/04/2021,1079
Paris,London,27/03/2021,Business,15/04/2021,1106
Paris,London,28/03/2021,Business,15/04/2021,1011
Paris,London,29/03/2021,Business,15/04/2021,749
Paris,London,30/03/2021,Business,15/04/2021,635
Paris,London,31/03/2021,Business,15/04/2021,971
Paris,London,01/04/2021,Business,15/04/2021,1384
Paris,London,02/04/2021,Business,15/04/2021,747
Paris,London,03/04/2021,Business,15/04/2021,819
Paris,London,04/04/2021,Business,15/04/2021,1374
Paris,London,05/04/2021,Business,15/04/2021,1118
Paris,London,06/04/2021,Business,15/04/2021,1385
Paris,London,07/04/2021,Business,15/04/2021,663
Paris,London,08/04/2021,Business,15/04/2021,1228
Paris,London,09/04/2021,Business,15/04/2021,1098
Paris,London,10/04/2021,Business,15/04/2021,1056
Paris,London,11/04/2021,Business,15/04/2021,793
Paris,London,12/04/2021,Business,15/04/2021,681
Paris,London,13/04/2021,Business,15/04/2021,1199
Paris,London,14/04/2021,Business,15/04/2021,1036
Paris,London,15/04/2021,Business,15/04/2021,1047
Paris,London,16/04/2021,Business,15/05/2021,954
Paris,London,17/04/2021,Business,15/05/2021,910
Paris,London,18/04/2021,Business,15/05/2021,1215
Paris,London,19/04/2021,Business,15/05/2021,704
Paris,London,20/04/2021,Business,15/05/2021,1073
Paris,London,21/04/2021,Business,15/05/2021,1093
Paris,London,22/04/2021,Business,15/05/2021,805
Paris,London,23/04/2021,Business,15/05/2021,774
Paris,London,24/04/2021,Business,15/05/2021,782
Paris,London,25/04/2021,Business,15/05/2021,1007
Paris,London,26/04/2021,Business,15/05/2021,937
Paris,London,27/04/2021,Business,15/05/2021,1009
Paris,London,28/04/2021,Business,15/05/2021,772
Paris,London,29/04/2021,Business,15/05/2021,1500
Paris,London,30/04/2021,Business,15/05/2021,786
Paris,London,01/05/2021,Business,15/05/2021,1448
Paris,London,02/05/2021,Business,15/05/2021,1079
Paris,London,03/05/2021,Business,15/05/2021,701
Paris,London,04/05/2021,Business,15/05/2021,1062
Paris,London,05/05/2021,Business,15/05/2021,920
Paris,London,06/05/2021,Business,15/05/2021,856
Paris,London,07/05/2021,Business,15/05/2021,959
Paris,London,08/05/2021,Business,15/05/2021,709
Paris,London,09/05/2021,Business,15/05/2021,609
Paris,London,10/05/2021,Business,15/05/2021,1466
Paris,London,11/05/2021,Business,15/05/2021,736
Paris,London,12/05/2021,Business,15/05/2021,994
Paris,London,13/05/2021,Business,15/05/2021,969
Paris,London,14/05/2021,Business,15/05/2021,850
Paris,London,15/05/2021,Business,15/05/2021,1273
Paris,London,16/05/2021,Business,15/06/2021,1202
Paris,London,17/05/2021,Business,15/06/2021,718
Paris,London,18/05/2021,Business,15/06/2021,793
Paris,London,19/05/2021,Business,15/06/2021,1417
Paris,London,20/05/2021,Business,15/06/2021,1033
Paris,London,21/05/2021,Business,15/06/2021,643
Paris,London,22/05/2021,Business,15/06/2021,1212
Paris,London,23/05/2021,Business,15/06/2021,1344
Paris,London,24/05/2021,Business,15/06/2021,971
Paris,London,25/05/2021,Business,15/06/2021,1444
Paris,London,26/05/2021,Business,15/06/2021,843
Paris,London,27/05/2021,Business,15/06/2021,1398
Paris,London,28/05/2021,Business,15/06/2021,961
Paris,London,29/05/2021,Business,15/06/2021,715
Paris,London,30/05/2021,Business,15/06/2021,1228
Paris,London,31/05/2021,Business,15/06/2021,1069
Paris,London,01/06/2021,Business,15/06/2021,785
Paris,London,02/06/2021,Business,15/06/2021,784
Paris,London,03/06/2021,Business,15/06/2021,1018
Paris,London,04/06/2021,Business,15/06/2021,1334
Paris,London,05/06/2021,Business,15/06/2021,916
Paris,London,06/06/2021,Business,15/06/2021,1247
Paris,London,07/06/2021,Business,15/06/2021,874
Paris,London,08/06/2021,Business,15/06/2021,1121
Paris,London,09/06/2021,Business,15/06/2021,988
Paris,London,10/06/2021,Business,15/06/2021,1026
Paris,London,11/06/2021,Business,15/06/2021,1218
Paris,London,12/06/2021,Business,15/06/2021,1486
Paris,London,13/06/2021,Business,15/06/2021,863
Paris,London,14/06/2021,Business,15/06/2021,844
Paris,London,15/06/2021,Business,15/06/2021,980
Paris,London,16/06/2021,Business,15/07/2021,880
Paris,London,17/06/2021,Business,15/07/2021,1170
Paris,London,18/06/2021,Business,15/07/2021,1393
Paris,London,19/06/2021,Business,15/07/2021,650
Paris,London,20/06/2021,Business,15/07/2021,604
Paris,London,21/06/2021,Business,15/07/2021,637
Paris,London,22/06/2021,Business,15/07/2021,1175
Paris,London,23/06/2021,Business,15/07/2021,807
Paris,London,24/06/2021,Business,15/07/2021,619
Paris,London,25/06/2021,Business,15/07/2021,905
Paris,London,26/06/2021,Business,15/07/2021,865
Paris,London,27/06/2021,Business,15/07/2021,1208
Paris,London,28/06/2021,Business,15/07/2021,968
Paris,London,29/06/2021,Business,15/07/2021,938
Paris,London,30/06/2021,Business,15/07/2021,1185