Player,Ser.,Wk.,Seat,M,T,W,T,F,Total,Avg,Rate*,M,T,W,T,F,1st,2nd,3rd,4th,Week,Week,*Scoring Rate = % of Total Daily Points Scored Across Week,,,,Ser.,Wk.,4-Player Total
Angela Barnes,4,6,4,15,14,14,20,19,82,16.4,56%,1st,1st,1st,1st,1st,5,0,0,0,24,1st,,,,,2,2,167
Ed Gamble,3,1,2,16,11,10,14,12,63,12.6,43%,1st,1st,2nd,1st,1st,4,1,0,0,23,1st,,,,,3,20,165
Simon Hickson,5,16,4,12,15,6,14,15,62,12.4,43%,1st,1st,2nd,1st,1st,4,1,0,0,23,1st,,,,,2,5,164
Steve Pemberton,2,2,2,12,11,15,14,8,60,12,36%,1st,1st,1st,1st,2nd,4,1,0,0,22,1st,,,,,5,6,162
Shaun Williamson,4,20,4,14,13,10,11,11,59,11.8,38%,1st,1st,2nd,1st,1st,4,1,0,0,23,1st,,,,,5,14,160
Rufus Hound,4,3,4,12,15,10,8,13,58,11.6,43%,1st,1st,1st,2nd,1st,4,1,0,0,23,1st,,,,,1,1,159
Ivo Graham (C),5,18,3,8,9,12,14,14,57,11.4,40%,2nd,1st,2nd,1st,1st,3,2,0,0,22,1st,,,,,2,9,159
Matt Forde,3,13,2,9,8,17,8,15,57,11.4,39%,1st,2nd,1st,2nd,1st,3,2,0,0,22,1st,,,,,2,4,158
Nish Kumar (C),3,20,2,12,14,10,9,12,57,11.4,35%,1st,1st,1st,1st,2nd,4,1,0,0,22,1st,,,,,2,7,158
Phill Jupitus,3,3,4,13,11,11,13,9,57,11.4,37%,1st,1st,1st,1st,2nd,4,1,0,0,22,1st,,,,,1,3,156
Ed Gamble (N),N2,1,1,11,12,11,,,34,11.3,35%,1st,2nd,1st,,,2,1,0,0,11,1st,,,,,4,20,156
Matt Allwright,2,9,4,12,12,6,10,16,56,11.2,35%,1st,1st,3rd,2nd,1st,3,1,1,0,21,1st,,,,,3,3,154
Ed Byrne,5,6,4,17,12,10,5,12,56,11.2,35%,1st,1st,1st,2nd,1st,4,1,0,0,23,1st,,,,,3,18,152
Sarah Millican,5,12,1,5,13,11,13,14,56,11.2,39%,2nd,1st,1st,1st,1st,4,1,0,0,23,1st,,,,,4,13,151
Gary Delaney,3,11,4,6,13,13,9,14,55,11,38%,3rd,1st,2nd,1st,1st,3,1,1,0,21,1st,,,,,5,9,150
Jamie Theakston,1,3,4,6,17,11,14,7,55,11,35%,3rd,1st,2nd,1st,2nd,2,2,1,0,19,1st,,,,,2,6,149
Alex Horne (N),N1,2,2,11,,,,,11,11,35%,,,,,,,,,,,,,,,,3,7,148
Mark Chapman,5,5,3,11,13,12,9,9,54,10.8,38%,1st,1st,1st,2nd,2nd,3,2,0,0,21,1st,,,,,3,1,147
Stephen Mangan,4,1,4,6,11,13,12,12,54,10.8,39%,2nd,1st,1st,1st,1st,4,1,0,0,23,1st,,,,,4,6,147
Steve Backshall,4,5,2,13,9,9,11,12,54,10.8,38%,1st,1st,2nd,1st,1st,4,1,0,0,23,1st,,,,,3,11,146
Susan Calman,3,17,4,8,11,8,15,12,54,10.8,41%,1st,2nd,1st,1st,1st,4,1,0,0,23,1st,,,,,3,13,146
Andy Hamilton,5,9,1,9,13,14,7,10,53,10.6,35%,2nd,1st,1st,3rd,2nd,2,2,1,0,19,2nd,,,,,4,12,146
Maisie Adam,4,13,1,10,10,16,10,7,53,10.6,35%,1st,1st,1st,2nd,1st,4,1,0,0,23,1st,,,,,3,6,145
Rev Kate Bottley,3,7,1,14,7,12,11,9,53,10.6,36%,1st,2nd,1st,1st,2nd,3,2,0,0,21,1st,,,,,3,15,145
Stuart Maconie,3,15,4,11,8,8,11,15,53,10.6,37%,1st,2nd,2nd,1st,1st,3,2,0,0,22,1st,,,,,5,7,145
Hugh Dennis,2,4,4,10,11,15,5,11,52,10.4,33%,2nd,1st,1st,4th,1st,3,1,0,1,20,1st,,,,,5,16,145
Kelly Cates,2,9,1,11,11,9,11,10,52,10.4,33%,2nd,2nd,1st,1st,2nd,2,3,0,0,20,2nd,,,,,3,19,144
Mark Watson,4,15,4,9,7,15,9,12,52,10.4,41%,1st,2nd,1st,2nd,1st,3,2,0,0,22,1st,,,,,4,5,144
Josie Long,4,10,2,9,17,5,7,13,51,10.2,40%,1st,1st,3rd,1st,1st,4,0,1,0,22,1st,,,,,5,1,144
Cariad Lloyd,5,7,1,9,11,9,10,12,51,10.2,35%,2nd,1st,1st,1st,2nd,3,2,0,0,21,1st,,,,,5,12,143
Ingrid Oliver,5,6,3,9,12,7,12,11,51,10.2,31%,2nd,2nd,2nd,1st,2nd,1,4,0,0,19,2nd,,,,,4,4,142
Nish Kumar,1,1,1,10,12,13,8,8,51,10.2,32%,2nd,1st,1st,1st,1st,4,1,0,0,23,1st,,,,,5,8,142
Rev Richard Coles,3,15,2,8,11,8,10,14,51,10.2,35%,2nd,1st,2nd,2nd,2nd,1,4,0,0,19,2nd,,,,,5,18,142
Miles Jupp (C),3,19,2,10,14,11,6,9,50,10,35%,1st,1st,1st,4th,2nd,3,1,0,1,19,1st,,,,,4,7,141
Sanjeev Kohli,5,8,4,14,13,8,2,13,50,10,35%,1st,1st,1st,4th,1st,4,0,0,1,21,1st,,,,,5,5,141
Dane Baptiste,2,10,4,11,13,9,5,12,50,10,36%,1st,1st,1st,3rd,1st,4,0,1,0,22,1st,,,,,5,2,140
Richard Herring,2,6,4,7,11,7,13,12,50,10,34%,3rd,1st,1st,1st,1st,4,0,1,0,22,1st,,,,,5,4,140
Joe Thomas,5,3,1,10,10,9,7,14,50,10,39%,1st,1st,1st,2nd,1st,4,1,0,0,23,1st,,,,,3,5,139
Miles Jupp,2,7,4,9,8,11,10,12,50,10,32%,2nd,2nd,1st,1st,1st,3,2,0,0,22,1st,,,,,4,1,138
Sarah Hadland (N),N1,2,1,10,,,,,10,10,32%,,,,,,,,,,,,,,,,2,10,137
Rose Matafeo,3,11,1,10,7,14,5,13,49,9.8,34%,1st,2nd,1st,2nd,2nd,2,3,0,0,20,2nd,,,,,2,1,136
Sally Phillips (C),5,17,2,8,13,3,12,12,48,9.6,36%,2nd,1st,4th,1st,1st,3,1,0,1,20,1st,,,,,3,14,136
Charlie Higson,2,5,2,9,6,10,14,9,48,9.6,29%,2nd,3rd,2nd,1st,2nd,1,3,1,0,18,1st,,,,,3,4,135
Hal Cruttenden,3,14,4,11,11,11,9,6,48,9.6,35%,1st,1st,1st,1st,3rd,4,0,1,0,20,1st,,,,,4,3,134
Hugh Fearnley-Whittingstall,5,2,4,11,7,5,14,11,48,9.6,34%,1st,1st,3rd,1st,1st,4,0,1,0,22,1st,,,,,3,8,133
John Robins,3,18,2,12,8,13,8,7,48,9.6,32%,1st,1st,1st,3rd,2nd,3,1,1,0,20,1st,,,,,5,17,133
Al Murray,1,1,4,13,11,10,7,6,47,9.4,30%,1st,2nd,2nd,2nd,3rd,1,3,1,0,17,2nd,,,,,3,17,132
Alex Horne,3,4,4,11,4,12,7,13,47,9.4,35%,1st,3rd,1st,2nd,2nd,2,2,1,0,19,1st,,,,,3,9,131
Rick Edwards,1,2,4,11,10,6,9,11,47,9.4,38%,1st,1st,3rd,2nd,1st,3,1,1,0,21,1st,,,,,2,8,129
Rick Edwards (C),3,9,2,7,5,11,12,12,47,9.4,36%,1st,3rd,1st,1st,1st,4,0,1,0,22,1st,,,,,4,19,129
Matt Edmondson,5,9,4,11,6,9,9,12,47,9.4,31%,1st,2nd,2nd,1st,1st,3,2,0,0,22,1st,,,,,5,3,129
Meera Syal,4,5,1,7,8,11,10,11,47,9.4,33%,2nd,2nd,1st,2nd,2nd,1,4,0,0,19,2nd,,,,,4,10,128
Richard Herring (C),3,10,2,8,8,12,12,7,47,9.4,38%,2nd,1st,1st,1st,2nd,3,2,0,0,21,1st,,,,,4,15,128
Martin Lewis,5,14,4,12,13,4,7,10,46,9.2,29%,1st,1st,4th,2nd,1st,3,1,0,1,20,1st,,,,,5,13,127
Ade Edmondson,3,1,4,5,9,16,7,9,46,9.2,31%,3rd,2nd,1st,2nd,2nd,1,3,1,0,18,2nd,,,,,4,8,126
Dom Joly,3,18,4,7,8,11,10,10,46,9.2,30%,3rd,2nd,2nd,2nd,1st,1,3,1,0,19,2nd,,,,,1,2,125
Andrew Hunter Murray,4,16,3,11,8,7,8,12,46,9.2,37%,1st,1st,2nd,2nd,1st,3,2,0,0,22,1st,,,,,3,10,124
Bill Turnbull,5,10,2,10,12,9,6,9,46,9.2,43%,1st,1st,1st,2nd,1st,4,1,0,0,23,1st,,,,,5,15,124
Danny Wallace,3,5,4,9,12,10,8,7,46,9.2,33%,1st,1st,1st,2nd,2nd,3,2,0,0,21,1st,,,,,4,16,123
Ivo Graham,3,3,2,7,10,9,10,10,46,9.2,30%,2nd,2nd,2nd,2nd,1st,1,4,0,0,20,2nd,,,,,N1,1,123
Robert Rinder,4,9,4,8,11,9,8,10,46,9.2,40%,1st,1st,1st,1st,2nd,4,1,0,0,22,1st,,,,,3,2,122
Suzi Perry,5,2,3,10,6,10,9,11,46,9.2,33%,2nd,2nd,1st,2nd,2nd,1,4,0,0,19,2nd,,,,,2,3,121
Tim Vine,3,16,4,11,8,11,8,8,46,9.2,38%,1st,1st,1st,2nd,2nd,3,2,0,0,21,1st,,,,,3,16,121
Josh Widdicombe,2,2,4,11,8,13,6,7,45,9,27%,2nd,2nd,2nd,3rd,3rd,0,3,2,0,15,3rd,,,,,4,17,121
Mark Billingham,4,4,3,13,6,9,9,8,45,9,32%,1st,3rd,2nd,2nd,2nd,1,3,1,0,18,3rd,,,,,4,18,119
Edith Bowman,5,14,2,11,10,10,7,6,44,8.8,28%,2nd,3rd,2nd,1st,3rd,1,2,2,0,16,2nd,,,,,4,14,118
Jan Ravens,3,6,4,7,6,12,9,10,44,8.8,30%,3rd,3rd,1st,2nd,1st,2,1,2,0,19,1st,,,,,4,2,117
Katie Derham,2,6,3,10,10,5,8,11,44,8.8,30%,2nd,2nd,3rd,2nd,2nd,0,4,1,0,17,2nd,,,,,4,9,116
Naga Munchetty,2,1,1,6,5,11,9,12,43,8.6,32%,1st,4th,1st,1st,1st,4,0,0,1,21,1st,,,,,3,12,115
Rhys James,4,7,2,5,12,9,12,5,43,8.6,30%,2nd,1st,1st,1st,4th,3,1,0,1,17,2nd,,,,,5,11,113
Chris Washington,5,11,4,13,8,8,6,8,43,8.6,38%,1st,1st,1st,2nd,1st,4,1,0,0,23,1st,,,,,4,11,110
James Acaster,2,8,4,13,10,9,4,7,43,8.6,33%,1st,1st,1st,2nd,2nd,3,2,0,0,21,1st,,,,,5,10,106
Mike Wozniak,5,13,1,8,7,8,9,11,43,8.6,34%,1st,2nd,2nd,2nd,1st,2,3,0,0,21,1st,,,,,N2,1,96
Rachel Parris,3,6,2,8,7,9,10,9,43,8.6,30%,2nd,2nd,2nd,1st,2nd,1,4,0,0,19,1st,,,,,N2,2,85
Toby Tarrant,5,15,4,12,10,7,7,7,43,8.6,35%,1st,1st,2nd,2nd,1st,3,2,0,0,22,1st,,,,,N1,2,31
Kate Williams,2,5,3,4,5,12,8,13,42,8.4,26%,4th,4th,1st,4th,1st,2,0,0,3,15,2nd,,,,,,,
Mae Martin,4,19,1,7,8,9,8,10,42,8.4,33%,1st,2nd,2nd,1st,1st,3,2,0,0,22,1st,,,,,,,
Nihal Arthanayake,4,19,2,6,13,9,6,8,42,8.4,33%,2nd,1st,2nd,2nd,2nd,1,4,0,0,19,2nd,,,,,,,
Phil Wang,3,12,2,10,7,8,6,11,42,8.4,37%,1st,2nd,2nd,2nd,1st,2,3,0,0,21,1st,,,,,,,
Sunetra Sarker,4,2,3,8,7,7,7,13,42,8.4,36%,1st,2nd,2nd,2nd,1st,2,3,0,0,21,1st,,,,,,,
Beattie Edmondson,2,4,1,13,4,8,6,10,41,8.2,26%,1st,4th,2nd,2nd,2nd,1,3,0,1,17,2nd,,,,,,,
Maisie Adam (C),5,18,1,9,4,13,7,8,41,8.2,29%,1st,4th,1st,2nd,2nd,2,2,0,1,18,2nd,,,,,,,
Shaun Keaveny,3,6,3,10,9,8,7,7,41,8.2,28%,1st,1st,3rd,3rd,3rd,2,0,3,0,16,3rd,,,,,,,
David Baddiel,4,12,4,8,10,9,5,9,41,8.2,28%,1st,1st,2nd,3rd,2nd,2,2,1,0,19,1st,,,,,,,
Lucy Porter,4,4,4,6,9,10,10,6,41,8.2,29%,2nd,1st,1st,1st,3rd,3,1,1,0,19,2nd,,,,,,,
Neil Delamere,4,4,2,6,7,9,9,10,41,8.2,29%,2nd,2nd,2nd,2nd,1st,1,4,0,0,20,1st,,,,,,,
Olga Koch,5,1,2,8,11,6,10,6,41,8.2,28%,2nd,1st,2nd,1st,2nd,2,3,0,0,20,1st,,,,,,,
Radzi Chinyanganya,3,14,2,4,10,10,9,8,41,8.2,30%,2nd,2nd,2nd,2nd,2nd,0,5,0,0,18,2nd,,,,,,,
Chris Ramsey,1,3,2,12,6,12,6,4,40,8,26%,1st,4th,1st,2nd,4th,2,1,0,2,14,3rd,,,,,,,
Tom Allen,2,5,4,13,7,5,11,4,40,8,24%,1st,2nd,3rd,3rd,4th,1,1,2,1,13,4th,,,,,,,
Dev Griffin,3,4,2,3,8,11,10,8,40,8,30%,4th,1st,2nd,1st,3rd,2,1,1,1,16,3rd,,,,,,,
Yasmine Akram,5,7,3,10,5,8,4,13,40,8,28%,1st,4th,2nd,3rd,1st,2,1,1,1,18,2nd,,,,,,,
Elis James,2,3,4,5,10,8,8,9,40,8,33%,4th,2nd,1st,1st,2nd,2,2,0,1,18,2nd,,,,,,,
Marcus Brigstocke,4,17,4,9,12,2,9,8,40,8,33%,1st,1st,4th,2nd,1st,3,1,0,1,20,1st,,,,,,,
Tim Key,4,11,2,11,3,8,5,13,40,8,36%,1st,4th,1st,2nd,1st,3,1,0,1,20,1st,,,,,,,
Clare Balding,5,13,2,7,9,7,12,5,40,8,31%,2nd,1st,3rd,1st,3rd,2,1,2,0,17,2nd,,,,,,,
Dara O'Briain (N),N2,1,4,5,14,5,,,24,8,25%,3rd,1st,3rd,,,1,0,2,0,8,2nd,,,,,,,
Chris Hollins,3,8,4,8,8,8,9,7,40,8,30%,2nd,1st,2nd,1st,2nd,2,3,0,0,20,1st,,,,,,,
Sara Pascoe,1,2,3,9,5,9,10,7,40,8,32%,2nd,2nd,1st,1st,2nd,2,3,0,0,20,2nd,,,,,,,
Hugh Dennis (C),3,20,4,8,8,5,6,12,39,7.8,24%,2nd,3rd,4th,3rd,1st,1,1,2,1,16,2nd,,,,,,,
Andrew Maxwell,5,1,4,9,6,4,9,11,39,7.8,27%,1st,3rd,4th,2nd,1st,2,1,1,1,18,2nd,,,,,,,
Jessica Fostekew,4,8,3,5,3,13,13,5,39,7.8,31%,2nd,4th,1st,1st,3rd,2,1,1,1,16,2nd,,,,,,,
Holly Walsh,3,8,3,9,5,12,6,7,39,7.8,29%,1st,2nd,1st,4th,2nd,2,2,0,1,18,2nd,,,,,,,
Les Dennis,4,14,4,7,11,11,3,7,39,7.8,33%,2nd,1st,1st,4th,2nd,2,2,0,1,18,1st,,,,,,,
Fred MacAulay,3,13,4,4,12,6,9,8,39,7.8,27%,3rd,1st,3rd,1st,2nd,2,1,2,0,18,2nd,,,,,,,
Dan Walker,2,7,2,6,9,7,9,8,39,7.8,25%,3rd,1st,2nd,2nd,2nd,1,3,1,0,18,2nd,,,,,,,
Jason Manford (N),N1,1,4,9,5,7,12,6,39,7.8,32%,1st,2nd,2nd,1st,3rd,2,2,1,0,18,1st,,,,,,,
Laura Whitmore,4,15,3,6,7,11,9,6,39,7.8,30%,2nd,2nd,2nd,1st,3rd,1,3,1,0,17,2nd,,,,,,,
Tom Rosenthal,4,17,2,5,3,12,11,8,39,7.8,32%,2nd,3rd,1st,1st,2nd,2,2,1,0,19,2nd,,,,,,,
Vikki Stone,4,1,1,8,10,7,5,9,39,7.8,28%,1st,2nd,2nd,3rd,2nd,1,3,1,0,18,2nd,,,,,,,
Colin Murray,4,18,1,10,9,5,7,8,39,7.8,33%,1st,1st,2nd,1st,1st,4,1,0,0,23,1st,,,,,,,
Steph McGovern (N),N2,2,1,3,7,13,,,23,7.7,27%,3rd,2nd,1st,,,1,1,1,0,9,1st,,,,,,,
Amanda Abbington,2,3,3,7,12,2,7,10,38,7.6,31%,1st,1st,4th,2nd,1st,3,1,0,1,20,1st,,,,,,,
Glenn Moore,4,20,1,7,9,10,6,6,38,7.6,24%,2nd,2nd,2nd,4th,2nd,0,4,0,1,16,2nd,,,,,,,
Holly Walsh (C),3,20,1,8,9,7,7,7,38,7.6,23%,2nd,2nd,2nd,2nd,4th,0,4,0,1,14,3rd,,,,,,,
Fern Brady,5,14,3,4,12,7,6,9,38,7.6,24%,3rd,2nd,3rd,3rd,2nd,0,2,3,0,15,3rd,,,,,,,
David James,4,7,4,5,11,6,6,10,38,7.6,27%,2nd,2nd,3rd,3rd,2nd,0,3,2,0,16,3rd,,,,,,,
Ellie Taylor,2,2,1,7,6,8,7,9,37,7.4,22%,3rd,3rd,4th,2nd,1st,1,1,2,1,16,2nd,,,,,,,
John Thomson,3,7,2,2,8,7,10,10,37,7.4,25%,4th,1st,3rd,2nd,1st,2,1,1,1,18,2nd,,,,,,,
Samira Ahmed,3,18,1,8,4,7,11,7,37,7.4,24%,2nd,4th,3rd,1st,2nd,1,2,1,1,16,3rd,,,,,,,
Kevin Clifton,5,4,1,6,9,10,3,9,37,7.4,26%,2nd,2nd,1st,4th,1st,2,2,0,1,19,1st,,,,,,,
Sophie Duker,4,12,2,4,9,6,10,8,37,7.4,25%,3rd,2nd,3rd,2nd,3rd,0,2,3,0,14,3rd,,,,,,,
Dan Walker (C),5,17,4,8,7,5,9,8,37,7.4,28%,2nd,2nd,2nd,2nd,3rd,0,4,1,0,16,3rd,,,,,,,
Roger Black,5,8,2,6,11,7,7,6,37,7.4,26%,2nd,2nd,2nd,1st,3rd,1,3,1,0,17,2nd,,,,,,,
Vick Hope,3,16,1,7,2,8,11,9,37,7.4,31%,2nd,3rd,2nd,1st,1st,2,2,1,0,20,2nd,,,,,,,
Ed Balls (N),N2,2,4,7,8,7,,,22,7.3,26%,1st,1st,4th,,,2,0,0,1,9,1st,,,,,,,
Clara Amfo,1,1,3,9,9,4,6,8,36,7.2,23%,3rd,3rd,4th,3rd,2nd,0,1,3,1,13,3rd,,,,,,,
Dane Baptiste (C),3,10,4,7,1,10,8,10,36,7.2,29%,3rd,4th,2nd,2nd,1st,1,2,1,1,17,2nd,,,,,,,
JJ Chalmers,5,4,4,6,6,6,11,7,36,7.2,26%,2nd,4th,3rd,1st,2nd,1,2,1,1,16,2nd,,,,,,,
Anita Rani,1,3,1,6,7,8,6,9,36,7.2,23%,3rd,3rd,3rd,2nd,1st,1,1,3,0,17,2nd,,,,,,,
Kiri Pritchard-McLean,4,20,3,4,5,13,9,5,36,7.2,23%,3rd,3rd,1st,2nd,3rd,1,1,3,0,15,3rd,,,,,,,
Johnny Ball,3,5,2,5,6,7,10,8,36,7.2,26%,3rd,3rd,2nd,1st,1st,2,1,2,0,19,2nd,,,,,,,
Kaye Adams,5,5,4,5,8,8,5,10,36,7.2,26%,3rd,2nd,2nd,3rd,1st,1,2,2,0,18,2nd,,,,,,,
Anne Diamond,2,8,3,7,5,7,9,8,36,7.2,28%,2nd,3rd,2nd,1st,1st,2,2,1,0,20,2nd,,,,,,,
Chizzy Akudolu (C),3,19,1,8,5,5,10,8,36,7.2,25%,2nd,2nd,2nd,1st,3rd,1,3,1,0,17,2nd,,,,,,,
Sally Phillips,4,18,2,9,5,9,6,7,36,7.2,30%,2nd,3rd,1st,2nd,2nd,1,3,1,0,18,2nd,,,,,,,
Zoe Lyons,4,16,2,10,4,7,9,6,36,7.2,29%,2nd,3rd,2nd,1st,2nd,1,3,1,0,18,2nd,,,,,,,
Luke Kempner,5,12,4,6,7,6,8,9,36,7.2,25%,1st,2nd,2nd,2nd,2nd,1,4,0,0,19,2nd,,,,,,,
Rachel Riley,2,6,1,11,6,4,7,7,35,7,23%,1st,3rd,4th,3rd,3rd,1,0,3,1,13,3rd,,,,,,,
Alex Brooker,4,12,1,4,8,10,3,10,35,7,24%,3rd,3rd,1st,4th,1st,2,0,2,1,17,2nd,,,,,,,
Susie Dent,2,10,1,7,2,8,7,11,35,7,26%,3rd,4th,2nd,2nd,2nd,0,3,1,1,15,3rd,,,,,,,
Jake Wood,5,3,3,8,7,8,10,2,35,7,27%,2nd,2nd,2nd,1st,4th,1,3,0,1,15,2nd,,,,,,,
Jennifer Saunders (N),N1,1,1,7,6,10,7,5,35,7,28%,2nd,1st,1st,2nd,4th,2,2,0,1,16,2nd,,,,,,,
Gareth Malone,3,17,1,5,12,6,6,6,35,7,27%,3rd,1st,2nd,3rd,3rd,1,1,3,0,15,3rd,,,,,,,
Lolly Adefope,2,7,1,6,6,7,9,7,35,7,22%,3rd,3rd,2nd,2nd,3rd,0,2,3,0,14,3rd,,,,,,,
Rory Bremner,4,13,2,8,5,6,11,5,35,7,23%,2nd,3rd,3rd,1st,3rd,1,1,3,0,15,2nd,,,,,,,
Nick Owen,2,10,2,9,3,8,8,7,35,7,26%,2nd,3rd,2nd,1st,3rd,1,2,2,0,16,2nd,,,,,,,
Jake Humphrey,4,19,4,6,4,11,6,8,35,7,27%,2nd,3rd,1st,2nd,2nd,1,3,1,0,18,3rd,,,,,,,
Sarah Greene,2,7,3,10,5,5,9,5,34,6.8,22%,1st,4th,4th,2nd,4th,1,1,0,3,11,4th,,,,,,,
Ayesha Hazarika,5,16,3,10,5,3,11,5,34,6.8,23%,2nd,3rd,4th,2nd,3rd,0,2,2,1,13,3rd,,,,,,,
Chizzy Akudolu,2,5,1,5,8,3,13,5,34,6.8,21%,3rd,1st,4th,2nd,3rd,1,1,2,1,14,3rd,,,,,,,
Geoff Norcott,5,7,4,7,9,6,7,5,34,6.8,23%,3rd,2nd,3rd,2nd,4th,0,2,2,1,12,3rd,,,,,,,
Victoria Derbyshire,5,4,3,7,7,7,7,6,34,6.8,24%,1st,3rd,2nd,2nd,4th,1,2,1,1,14,4th,,,,,,,
Gregg Wallace,3,8,2,7,4,7,8,8,34,6.8,26%,3rd,3rd,3rd,2nd,1st,1,1,3,0,17,3rd,,,,,,,
Aisling Bea,4,2,2,6,8,8,3,9,34,6.8,29%,3rd,1st,1st,3rd,2nd,2,1,2,0,18,2nd,,,,,,,
Isy Suttie,4,7,3,6,3,6,8,11,34,6.8,24%,1st,3rd,3rd,2nd,1st,2,1,2,0,19,1st,,,,,,,
Suzi Ruffell,3,5,3,6,7,7,8,6,34,6.8,24%,2nd,2nd,2nd,2nd,3rd,0,4,1,0,16,3rd,,,,,,,
Ben Miller (N),N2,2,2,4,5,11,,,20,6.7,24%,2nd,4th,2nd,,,0,2,0,1,7,3rd,,,,,,,
Janette Manrara (N),N2,2,3,2,7,11,,,20,6.7,24%,4th,2nd,2nd,,,0,2,0,1,7,3rd,,,,,,,
Sian Gibson (N),N2,1,3,6,9,5,,,20,6.7,21%,2nd,3rd,3rd,,,0,1,2,0,7,3rd,,,,,,,
Charlotte Hawkins,4,12,3,6,4,4,12,7,33,6.6,23%,2nd,4th,4th,1st,4th,1,1,0,3,11,4th,,,,,,,
Amol Rajan,2,4,2,4,9,5,9,6,33,6.6,21%,4th,2nd,3rd,1st,4th,1,1,1,2,12,4th,,,,,,,
Kemah Bob,5,4,2,4,11,4,7,7,33,6.6,24%,4th,1st,4th,2nd,2nd,1,2,0,2,15,3rd,,,,,,,
Reeta Chakrabarti,5,1,3,6,7,5,9,6,33,6.6,23%,3rd,2nd,3rd,2nd,2nd,0,3,2,0,16,3rd,,,,,,,
Will Kirk,5,14,1,3,10,12,4,3,32,6.4,20%,4th,3rd,1st,4th,4th,1,0,1,3,10,4th,,,,,,,
James Cracknell,4,13,4,6,1,10,9,6,32,6.4,21%,4th,4th,2nd,3rd,2nd,0,2,1,2,13,3rd,,,,,,,
Ellie Taylor (C),3,19,3,8,4,3,7,10,32,6.4,22%,2nd,4th,3rd,2nd,1st,1,2,1,1,17,2nd,,,,,,,
Gaby Roslin,2,4,3,6,9,1,6,10,32,6.4,20%,3rd,2nd,4th,2nd,2nd,0,3,1,1,15,3rd,,,,,,,
Vikki Stone (C),5,17,1,9,5,7,2,9,32,6.4,24%,1st,3rd,1st,4th,2nd,2,1,1,1,17,2nd,,,,,,,
Kirsty Wark,5,9,3,8,5,5,8,6,32,6.4,21%,3rd,3rd,3rd,2nd,3rd,0,1,4,0,13,3rd,,,,,,,
Philip Glenister,5,5,1,6,5,5,9,7,32,6.4,23%,2nd,3rd,3rd,1st,3rd,1,1,3,0,15,3rd,,,,,,,
Sally Lindsay,2,1,3,5,8,6,7,6,32,6.4,24%,2nd,2nd,3rd,3rd,3rd,0,2,3,0,14,3rd,,,,,,,
Kate Williams (C),3,10,3,9,4,6,6,7,32,6.4,26%,1st,2nd,3rd,3rd,2nd,1,2,2,0,17,2nd,,,,,,,
Gareth Thomas,5,1,1,4,5,8,8,6,31,6.2,22%,4th,4th,1st,4th,2nd,1,1,0,3,13,4th,,,,,,,
Sarah Greene (C),3,20,3,6,4,6,6,9,31,6.2,19%,4th,4th,3rd,3rd,3rd,0,0,3,2,10,4th,,,,,,,
David O'Doherty,2,1,4,4,9,5,8,5,31,6.2,23%,3rd,1st,4th,2nd,4th,1,1,1,2,12,4th,,,,,,,
Michelle Gayle,4,13,3,8,6,4,8,5,31,6.2,21%,2nd,2nd,4th,4th,3rd,0,2,1,2,12,4th,,,,,,,
Tiff Stevenson,5,8,3,3,9,5,6,8,31,6.2,22%,4th,3rd,4th,2nd,2nd,0,2,1,2,13,3rd,,,,,,,
Gyles Brandreth,3,2,4,9,5,5,3,9,31,6.2,25%,1st,1st,2nd,4th,3rd,2,1,1,1,16,2nd,,,,,,,
Iain Stirling,3,2,2,7,5,4,5,10,31,6.2,25%,2nd,2nd,4th,2nd,2nd,0,4,0,1,16,2nd,,,,,,,
Scarlett Moffatt,3,2,1,4,5,5,6,11,31,6.2,25%,4th,2nd,2nd,1st,1st,2,2,0,1,19,1st,,,,,,,
Athena Kugblenu,5,15,1,8,7,7,4,5,31,6.2,25%,2nd,2nd,2nd,3rd,3rd,0,3,2,0,15,3rd,,,,,,,
Jamelia,3,17,2,7,1,6,8,9,31,6.2,23%,2nd,3rd,2nd,2nd,2nd,0,4,1,0,17,2nd,,,,,,,
Jessica Knappett,4,9,3,3,6,6,5,11,31,6.2,27%,3rd,2nd,2nd,2nd,1st,1,3,1,0,19,2nd,,,,,,,
Kerry Godliman,3,14,1,1,7,5,8,9,30,6,22%,4th,3rd,4th,2nd,1st,1,1,1,2,15,3rd,,,,,,,
Naga Munchetty (C),3,9,3,7,6,9,3,5,30,6,23%,2nd,2nd,2nd,4th,4th,0,3,0,2,12,4th,,,,,,,
Sindhu Vee (N),N2,1,2,4,7,7,,,18,6,19%,4th,4th,2nd,,,0,1,0,2,5,4th,,,,,,,
Joel Dommett,3,7,4,5,4,8,6,7,30,6,20%,2nd,4th,2nd,3rd,3rd,0,2,2,1,13,3rd,,,,,,,
David O'Doherty (C),3,9,4,1,9,7,6,7,30,6,23%,4th,1st,3rd,2nd,2nd,1,2,1,1,16,2nd,,,,,,,
Jordan Stephens,2,1,2,4,8,9,2,7,30,6,22%,3rd,2nd,2nd,4th,2nd,0,3,1,1,15,2nd,,,,,,,
Nick Helm,5,15,2,4,3,9,8,6,30,6,24%,3rd,4th,1st,1st,2nd,2,1,1,1,17,2nd,,,,,,,
Joanne McNally,5,10,1,3,10,4,6,7,30,6,28%,4th,2nd,2nd,1st,2nd,1,3,0,1,17,2nd,,,,,,,
Zoe Lyons (C),5,18,4,8,7,4,6,5,30,6,21%,2nd,2nd,3rd,3rd,3rd,0,2,3,0,14,3rd,,,,,,,
June Sarpong,3,4,1,4,5,4,4,13,30,6,22%,2nd,2nd,3rd,3rd,1st,1,2,2,0,18,2nd,,,,,,,
Rickie Haywood-Williams,4,8,2,5,7,6,4,8,30,6,24%,2nd,1st,3rd,3rd,2nd,1,2,2,0,17,1st,,,,,,,
Gabby Logan,4,11,1,7,4,6,6,7,30,6,27%,2nd,2nd,2nd,1st,2nd,1,4,0,0,19,2nd,,,,,,,
Craig Revel Horwood (N),N1,2,4,6,,,,,6,6,19%,,,,,,,,,,,,,,,,,,
Angellica Bell,3,2,3,6,4,6,5,8,29,5.8,24%,3rd,4th,1st,2nd,4th,1,1,1,2,12,4th,,,,,,,
Anton Du Beke,4,8,4,8,6,5,8,2,29,5.8,23%,1st,2nd,4th,2nd,4th,1,2,0,2,13,4th,,,,,,,
Desiree Burch,2,9,3,4,7,5,5,8,29,5.8,18%,3rd,3rd,4th,3rd,3rd,0,0,4,1,11,3rd,,,,,,,
Sir Matthew Pinsent,5,6,1,7,7,7,4,4,29,5.8,18%,3rd,3rd,2nd,4th,3rd,0,1,3,1,12,4th,,,,,,,
Scott Mills,4,3,1,6,6,2,12,3,29,5.8,22%,2nd,2nd,4th,1st,3rd,1,2,1,1,15,2nd,,,,,,,
Steve Cram,4,10,1,5,4,10,2,8,29,5.8,23%,3rd,2nd,1st,4th,2nd,1,2,1,1,16,2nd,,,,,,,
Jean Johansson,4,1,3,5,7,6,6,5,29,5.8,21%,3rd,3rd,3rd,2nd,3rd,0,1,4,0,13,3rd,,,,,,,
Mike Bushell,4,2,1,7,4,5,7,6,29,5.8,25%,2nd,3rd,3rd,1st,3rd,1,1,3,0,15,3rd,,,,,,,
Jessie Cave,5,16,1,3,8,7,5,6,29,5.8,20%,3rd,2nd,2nd,3rd,2nd,0,3,2,0,16,2nd,,,,,,,
Sara Barron,4,8,1,3,4,9,3,9,28,5.6,22%,4th,3rd,2nd,4th,1st,1,1,1,2,15,3rd,,,,,,,
YolanDa Brown,3,7,3,5,5,5,6,7,28,5.6,19%,2nd,3rd,4th,3rd,3rd,0,1,3,1,12,4th,,,,,,,
Michelle Ackerley,3,13,1,9,4,7,2,6,28,5.6,19%,2nd,3rd,2nd,4th,3rd,0,2,2,1,13,3rd,,,,,,,
Alex Jones,4,9,1,7,5,5,5,6,28,5.6,24%,2nd,3rd,3rd,2nd,3rd,0,2,3,0,14,3rd,,,,,,,
Nabil Abdulrashid,5,12,3,5,6,2,6,8,27,5.4,19%,2nd,4th,4th,3rd,3rd,0,1,2,2,11,3rd,,,,,,,
Charlie Brooks,4,14,1,8,2,7,5,5,27,5.4,23%,1st,4th,2nd,3rd,3rd,1,1,2,1,14,3rd,,,,,,,
Roisin Conaty (N),N1,1,3,7,3,3,7,7,27,5.4,22%,2nd,4th,3rd,2nd,2nd,0,3,1,1,15,3rd,,,,,,,
Melinda Messenger,4,14,3,5,3,6,5,8,27,5.4,23%,3rd,3rd,3rd,1st,1st,2,0,3,0,18,1st,,,,,,,
Kate Humble,3,3,1,5,7,6,5,3,26,5.2,17%,3rd,3rd,4th,4th,4th,0,0,2,3,8,4th,,,,,,,
Denise Lewis,4,7,1,4,2,8,3,9,26,5.2,18%,4th,4th,2nd,4th,3rd,0,1,1,3,10,4th,,,,,,,
Amol Rajan (C),3,19,4,6,5,2,7,6,26,5.2,18%,4th,2nd,4th,2nd,4th,0,2,0,3,10,4th,,,,,,,
Adil Ray,3,12,4,5,8,6,2,5,26,5.2,23%,2nd,1st,3rd,4th,3rd,1,1,2,1,14,3rd,,,,,,,
Jamie Laing,5,13,4,5,2,8,5,6,26,5.2,20%,3rd,4th,1st,3rd,2nd,1,1,2,1,15,3rd,,,,,,,
Lloyd Griffith,4,10,4,7,1,5,6,7,26,5.2,20%,2nd,4th,3rd,2nd,3rd,0,2,2,1,13,3rd,,,,,,,
Rav Wilding,3,11,2,7,3,4,5,7,26,5.2,18%,2nd,3rd,4th,2nd,3rd,0,2,2,1,13,3rd,,,,,,,
Ruby Bhogal,5,6,2,3,7,7,5,4,26,5.2,16%,4th,3rd,2nd,2nd,3rd,0,2,2,1,13,3rd,,,,,,,
Jeff Stelling,4,11,4,4,5,6,5,6,26,5.2,24%,4th,2nd,2nd,2nd,3rd,0,3,1,1,14,3rd,,,,,,,
Rita Simons,3,12,3,5,2,6,7,6,26,5.2,23%,2nd,4th,3rd,1st,2nd,1,2,1,1,16,2nd,,,,,,,
Rory Reid,2,8,2,7,6,3,3,7,26,5.2,20%,2nd,2nd,4th,3rd,2nd,0,3,1,1,15,3rd,,,,,,,
Sean Fletcher,5,11,1,9,5,4,4,4,26,5.2,23%,2nd,2nd,2nd,4th,2nd,0,4,0,1,16,2nd,,,,,,,
Greg Rutherford,4,6,3,5,3,7,5,6,26,5.2,18%,3rd,2nd,2nd,2nd,2nd,0,4,1,0,17,2nd,,,,,,,
Anneka Rice,1,1,2,6,4,7,4,4,25,5,16%,4th,4th,3rd,4th,4th,0,0,1,4,7,4th,,,,,,,
Fern Britton,2,2,3,5,2,9,4,5,25,5,15%,4th,4th,3rd,4th,4th,0,0,1,4,7,4th,,,,,,,
Andi Oliver,3,3,3,2,3,9,6,5,25,5,16%,4th,4th,2nd,3rd,3rd,0,1,2,2,11,3rd,,,,,,,
Josie d'Arby,4,3,2,5,4,6,1,9,25,5,19%,4th,3rd,3rd,4th,2nd,0,1,2,2,12,3rd,,,,,,,
Janet Ellis,1,3,3,7,9,2,2,5,25,5,16%,2nd,2nd,4th,4th,3rd,0,2,1,2,12,4th,,,,,,,
Lucy Beaumont,5,3,2,7,6,5,3,4,25,5,19%,3rd,3rd,3rd,4th,3rd,0,0,4,1,11,3rd,,,,,,,
Jodie Kidd,5,2,2,1,5,7,5,7,25,5,18%,4th,3rd,2nd,3rd,3rd,0,1,3,1,12,3rd,,,,,,,
Nathan Caton,4,18,3,5,7,4,5,4,25,5,21%,3rd,2nd,4th,3rd,3rd,0,1,3,1,12,3rd,,,,,,,
Darren Harriott,4,14,2,5,6,6,5,3,25,5,21%,3rd,2nd,3rd,2nd,4th,0,2,2,1,12,4th,,,,,,,
Sindhu Vee,4,17,1,2,5,5,6,7,25,5,21%,4th,2nd,2nd,3rd,3rd,0,2,2,1,13,3rd,,,,,,,
Samantha Womack,2,8,1,6,4,5,3,6,24,4.8,19%,4th,4th,3rd,3rd,4th,0,0,2,3,8,4th,,,,,,,
Philippa Perry,5,12,2,3,7,6,5,3,24,4.8,17%,4th,2nd,2nd,4th,4th,0,2,0,3,10,4th,,,,,,,
Jo Brand,5,8,1,5,4,6,6,3,24,4.8,17%,3rd,4th,3rd,2nd,4th,0,1,2,2,10,4th,,,,,,,
Scarlett Moffatt (C),3,9,1,2,4,5,6,7,24,4.8,18%,3rd,4th,4th,2nd,2nd,0,2,1,2,13,3rd,,,,,,,
Dr Maggie Aderin-Pocock,3,15,3,0,4,9,5,6,24,4.8,17%,4th,3rd,1st,3rd,3rd,1,0,3,1,13,3rd,,,,,,,
Denise Van Outen,4,6,2,6,2,6,5,5,24,4.8,16%,2nd,4th,3rd,2nd,3rd,0,2,2,1,13,3rd,,,,,,,
Louise Minchin,5,11,3,5,4,4,7,4,24,4.8,21%,4th,3rd,2nd,1st,2nd,1,2,1,1,16,2nd,,,,,,,
Nina Wadia,3,5,1,3,5,3,7,5,23,4.6,17%,4th,4th,4th,4th,4th,0,0,0,5,6,4th,,,,,,,
Dr Ranj Singh,4,5,4,3,8,7,2,3,23,4.6,16%,4th,2nd,3rd,4th,3rd,0,1,2,2,11,3rd,,,,,,,
Mina Anwar,4,20,2,4,1,4,9,5,23,4.6,15%,3rd,4th,4th,2nd,3rd,0,1,2,2,11,4th,,,,,,,
Judy Murray,3,13,3,2,3,5,6,6,22,4.4,15%,4th,4th,4th,3rd,3rd,0,0,2,3,9,4th,,,,,,,
Tyger Drew-Honey,2,9,2,4,4,7,4,3,22,4.4,14%,3rd,4th,2nd,4th,4th,0,1,1,3,9,4th,,,,,,,
Jermaine Jenas (N),N1,1,2,4,5,2,3,8,22,4.4,18%,4th,2nd,4th,4th,1st,1,1,0,3,14,4th,,,,,,,
Jeanette Kwakye,4,10,3,3,3,7,6,3,22,4.4,17%,4th,3rd,2nd,2nd,4th,0,2,1,2,11,4th,,,,,,,
Jayde Adams,4,3,3,6,4,10,2,0,22,4.4,16%,2nd,3rd,2nd,3rd,4th,0,2,2,1,12,3rd,,,,,,,
Shappi Khorsandi,2,3,1,6,4,4,2,6,22,4.4,18%,2nd,3rd,2nd,4th,3rd,0,2,2,1,13,3rd,,,,,,,
Josie Lawrence,4,15,1,3,8,2,2,7,22,4.4,17%,3rd,1st,3rd,3rd,2nd,1,1,3,0,16,3rd,,,,,,,
Angela Rippon,3,18,3,3,5,4,3,6,21,4.2,14%,4th,3rd,4th,4th,4th,0,0,1,4,7,4th,,,,,,,
Kae Kurd,4,16,1,2,5,7,3,4,21,4.2,17%,4th,2nd,2nd,4th,4th,0,2,0,3,10,4th,,,,,,,
Jamali Maddix,5,2,1,2,3,5,4,7,21,4.2,15%,3rd,4th,3rd,4th,3rd,0,0,3,2,10,4th,,,,,,,
Andrea McLean,3,12,1,1,4,12,4,0,21,4.2,18%,4th,3rd,1st,3rd,4th,1,0,2,2,11,4th,,,,,,,
Michael Buerk,2,3,2,6,1,4,7,3,21,4.2,17%,2nd,4th,2nd,2nd,4th,0,3,0,2,12,4th,,,,,,,
Gethin Jones,3,16,2,3,4,3,5,6,21,4.2,17%,3rd,2nd,4th,3rd,3rd,0,1,3,1,12,3rd,,,,,,,
Charlene White,3,8,1,6,1,1,7,5,20,4,15%,4th,4th,4th,3rd,4th,0,0,1,4,7,4th,,,,,,,
Catherine Bohart,4,5,3,5,4,3,7,1,20,4,14%,3rd,4th,4th,3rd,4th,0,0,2,3,8,4th,,,,,,,
Dennis Taylor,5,7,2,3,6,2,3,6,20,4,14%,4th,3rd,4th,4th,3rd,0,0,2,3,9,4th,,,,,,,
Nina Conti,5,15,3,1,5,6,3,5,20,4,16%,4th,3rd,4th,4th,3rd,0,0,2,3,9,4th,,,,,,,
AJ Pritchard,5,16,2,2,4,7,2,5,20,4,14%,4th,4th,1st,4th,3rd,1,0,1,3,11,4th,,,,,,,
JB Gill,2,6,2,2,2,6,7,3,20,4,13%,4th,4th,2nd,3rd,4th,0,1,1,3,9,4th,,,,,,,
Kimberly Wyatt,5,11,2,6,4,3,5,2,20,4,18%,3rd,3rd,4th,3rd,4th,0,0,3,2,9,4th,,,,,,,
Miquita Oliver,3,1,1,6,3,2,5,4,20,4,14%,2nd,3rd,4th,3rd,4th,0,1,2,2,10,3rd,,,,,,,
Clive Myrie,1,2,2,3,5,3,5,4,20,4,16%,3rd,2nd,4th,3rd,3rd,0,1,3,1,12,3rd,,,,,,,
Kate Robbins,4,16,4,4,-1,8,4,5,20,4,16%,3rd,4th,1st,3rd,3rd,1,0,3,1,13,3rd,,,,,,,
Charlene White (N),N1,2,3,4,,,,,4,4,13%,,,,,,,,,,,,,,,,,,
Thanyia Moore,5,5,2,5,2,5,2,5,19,3.8,13%,3rd,4th,3rd,4th,4th,0,0,2,3,8,4th,,,,,,,
Ronni Ancona,4,18,4,4,4,5,5,1,19,3.8,16%,4th,4th,2nd,3rd,4th,0,1,1,3,9,4th,,,,,,,
Shazia Mirza,5,3,4,3,2,1,6,7,19,3.8,15%,4th,4th,4th,3rd,2nd,0,1,1,3,11,3rd,,,,,,,
Michelle Collins,5,10,3,8,0,0,6,5,19,3.8,18%,2nd,3rd,4th,2nd,3rd,0,2,2,1,13,3rd,,,,,,,
Sabrina Grant,5,9,2,4,2,5,3,4,18,3.6,12%,4th,4th,3rd,4th,4th,0,0,1,4,7,4th,,,,,,,
Kate Thornton,3,1,3,3,1,5,3,6,18,3.6,12%,4th,4th,3rd,4th,3rd,0,0,2,3,9,4th,,,,,,,
Mehreen Baig,5,13,3,2,3,4,5,4,18,3.6,14%,4th,3rd,4th,3rd,4th,0,0,2,3,8,4th,,,,,,,
Debbie McGee,3,4,3,4,4,2,2,6,18,3.6,13%,2nd,3rd,4th,4th,4th,0,1,1,3,9,4th,,,,,,,
Angela Scanlon,1,2,1,3,1,8,5,1,18,3.6,14%,3rd,4th,2nd,3rd,4th,0,1,2,2,10,4th,,,,,,,
Jay Blades,3,6,1,5,1,3,2,6,17,3.4,12%,4th,4th,4th,4th,4th,0,0,0,5,6,4th,,,,,,,
Lou Sanders,3,15,1,3,2,5,4,3,17,3.4,12%,3rd,4th,4th,4th,4th,0,0,1,4,7,4th,,,,,,,
Chemmy Alcott,2,10,3,4,7,0,1,5,17,3.4,12%,4th,2nd,4th,4th,4th,0,1,0,4,8,4th,,,,,,,
Ebony Rainford-Brent,3,14,3,3,3,6,3,2,17,3.4,13%,3rd,4th,3rd,4th,4th,0,0,2,3,8,4th,,,,,,,
Nicki Chapman,3,16,3,3,1,6,3,4,17,3.4,14%,3rd,4th,3rd,4th,4th,0,0,2,3,8,4th,,,,,,,
Anna Richardson,4,17,3,5,1,4,3,4,17,3.4,14%,2nd,4th,3rd,4th,4th,0,1,1,3,9,4th,,,,,,,
Ade Adepitan,4,1,2,4,2,4,3,3,16,3.2,12%,4th,4th,4th,4th,4th,0,0,0,5,6,4th,,,,,,,
Valerie Singleton,3,11,3,2,2,5,3,4,16,3.2,11%,4th,4th,3rd,4th,4th,0,0,1,4,7,4th,,,,,,,
Rickie Haywood-Williams (C),5,17,3,4,4,4,4,0,16,3.2,12%,4th,4th,3rd,3rd,4th,0,0,2,3,8,4th,,,,,,,
AJ Odudu,4,4,1,2,4,2,4,3,15,3,11%,4th,4th,4th,4th,4th,0,0,0,5,6,4th,,,,,,,
Raj Bisram,4,15,2,3,4,1,2,5,15,3,12%,3rd,4th,4th,3rd,4th,0,0,2,3,8,4th,,,,,,,
Melvin Odoom,4,6,1,-1,3,5,3,5,15,3,10%,4th,2nd,4th,4th,3rd,0,1,1,3,10,4th,,,,,,,
Dev Griffin (C),5,18,2,0,5,3,3,3,14,2.8,10%,4th,3rd,4th,4th,4th,0,0,1,4,7,4th,,,,,,,
Gemma Cairney,4,11,3,5,5,1,1,2,14,2.8,13%,3rd,1st,4th,4th,4th,1,0,1,3,10,4th,,,,,,,
Dion Dublin,4,2,4,2,0,3,1,6,12,2.4,10%,4th,4th,4th,4th,3rd,0,0,1,4,8,4th,,,,,,,
Paul Martin,3,17,3,1,1,5,1,4,12,2.4,9%,4th,3rd,4th,4th,4th,0,0,1,4,7,4th,,,,,,,
Karim Zeroual,4,9,2,2,3,2,1,3,11,2.2,9%,4th,4th,4th,4th,4th,0,0,0,5,6,4th,,,,,,,
Reginald D Hunter,5,10,4,4,0,3,3,1,11,2.2,10%,3rd,3rd,3rd,4th,4th,0,0,3,2,9,4th,,,,,,,
Patsy Kensit,4,19,3,3,0,5,1,1,10,2,8%,4th,4th,4th,4th,4th,0,0,0,5,6,4th,,,,,,,
June Sarpong (C),3,10,1,1,4,2,0,2,9,1.8,7%,4th,2nd,4th,4th,4th,0,1,0,4,8,4th,,,,,,,
,,,,,,,,,,,,,,,,,,,,,,,,,,,,,
(C) = House of Champions,,,,,,,,,,,,,,,,,,,,,,,,,,,,,
(N) = House of Games Night,,,,,,,,,,,,,,,,,,,,,,,,,,,,,
