employee_id,guid,first_name,last_name,date_of_birth,nationality,gender,email,hire_date,leave_date
E00001,44eca9c9-0081-4d69-906e-73285b7f6dd2,Terry,Cooper,17/05/1999,US,male,terry.cooper@example.com,07/09/2022,30/08/2022
E00003,,William,Phillips,14/08/1998,GB,male,william.phillips@example.com,20/03/2023,20/06/2023
E00006,,Patsy,Davis,06/11/2000,US,female,patsy.davis@example.com,04/09/2022,10/06/2023
E00007,a55792b2-b0ac-464e-bcd9-68865662156b,Florence,Hart,03/12/2000,GB,female,florence.hart@example.com,22/04/2022,
E00009,3af26094-7a1a-4bd9-ad56-a158670fb732,Jayden,Wells,16/10/2000,US,male,jayden.wells@example.com,17/03/2023,
E00011,8ba61159-e327-4668-84c2-bafa9d87bca3,Nathaniel,Bryant,01/12/1999,GB,male,nathaniel.bryant@example.com,17/05/2021,
E00013,,Oscar,Payne,26/12/1999,GB,male,oscar.payne@example.com,08/07/2022,
,e83cd918-d05c-4ba8-93a6-da8a73ca6f96,Phoebe,Harper,09/08/1998,GB,female,phoebe.harper@example.com,29/11/2021,22/09/2021
E00020,,Abbie,Patterson,23/04/2000,GB,female,abbie.patterson@example.com,08/02/2020,03/04/2020
,01f29354-58dc-4064-8410-018ff04c7558,Barbara,Ferguson,21/04/2001,GB,female,barbara.ferguson@example.com,15/09/2020,29/09/2022
E00024,57fc2d5f-1d5f-4265-b713-1e390bec532d,Kelly,Barnett,26/02/1999,GB,male,kelly.barnett@example.com,18/03/2023,
,7beab3c0-a02e-4064-ada7-735d388253ce,Alessio,Brun,06/12/1998,FR,male,alessio.brun@example.com,29/07/2022,19/12/2021
E00037,c325bdb4-23b2-42f4-a843-6bb758e1873e,Michelle,Jones,22/08/1999,US,female,michelle.jones@example.com,02/04/2021,29/08/2022
E00038,,Ellie,Mitchell,31/05/1998,GB,female,ellie.mitchell@example.com,24/04/2023,
E00039,6fda7c01-eb5c-4683-b7f4-89113ac98ddf,Angie,Clark,03/09/2000,GB,female,angie.clark@example.com,23/04/2021,
E00043,774c9d3f-4911-4dbb-8574-10cf56777a6b,Harvey,Mitchelle,03/01/2001,GB,male,harvey.mitchelle@example.com,27/03/2023,24/06/2022
,84738036-ca7a-4377-956b-01306538db1d,Alicia,Macdonald,18/06/1999,CA,female,alicia.macdonald@example.com,30/01/2023,
E00048,,Dwayne,Watson,24/10/1999,GB,male,dwayne.watson@example.com,28/04/2022,31/08/2021
E00051,,Edward,Hale,01/03/2000,GB,male,edward.hale@example.com,30/01/2023,
E00055,,Earl,Graham,14/07/1999,GB,male,earl.graham@example.com,21/01/2020,14/03/2022
E00068,,Archie,Evans,10/05/2001,NZ,male,archie.evans@example.com,29/04/2023,
E00071,,Ian,Rose,19/11/2000,US,male,ian.rose@example.com,03/09/2020,
E00076,495741df-5fd2-42bc-96fb-0b2cbab72a58,Marlinde,Van Doorne,02/04/2000,NL,female,marlinde.vandoorne@example.com,22/06/2023,
E00077,ce9e8a3b-01cb-4677-badd-d776b96de02d,Brooklyn,Prescott,12/05/2000,US,female,brooklyn.prescott@example.com,02/04/2018,13/06/2019
,a29ade9d-de70-4af7-bc7f-d0ee334cd370,Meghana,Rai,14/04/2000,IN,female,meghana.rai@example.com,01/04/2021,16/12/2022
E00079,,Nicky,Meyer,19/02/2001,GB,female,nicky.meyer@example.com,19/09/2022,
E00081,e1187780-e015-4711-a602-e8ea7bd80aa0,Suzanna,Jackson,24/12/1999,GB,female,suzanna.jackson@example.com,16/06/2023,
,7bfce136-09cb-4136-926f-9a002a37b0c9,Deniz,Mertoğlu,16/08/2000,TR,male,deniz.mertoglu@example.com,02/03/2023,
E00087,,Gabriel,Peters,12/07/1998,GB,male,gabriel.peters@example.com,28/02/2022,30/11/2022
,63f50d91-57c8-4ac0-a819-e110f0ac444d,Martha,Rivera,15/07/1999,GB,female,martha.rivera@example.com,05/01/2023,26/12/2022
E00090,84325321-d190-417c-86b1-00fe69bd1386,Grace,Adams,27/12/1998,GB,female,grace.adams@example.com,26/11/2021,25/06/2022
E00092,,Gordon,Shaw,10/10/1998,GB,male,gordon.shaw@example.com,01/05/2022,11/11/2022
E00099,,Ian,Bowman,16/11/1998,GB,male,ian.bowman@example.com,03/03/2022,08/03/2023
,7eecf1a5-d398-4bac-bcc1-bd14a1e82669,Ege,Gönültaş,27/08/1999,TR,female,ege.gonultas@example.com,24/01/2022,28/04/2022
,b1f9fa8e-ab9d-4263-9f1e-4b96930dace3,Kyle,Jimenez,26/07/2000,AU,male,kyle.jimenez@example.com,21/09/2019,27/03/2021
E00109,3dd4bd39-77b7-4f9f-9ad1-f36631e7978d,Lidia,Prieto,16/07/2000,ES,female,lidia.prieto@example.com,04/06/2023,
E00111,505ec663-4282-4f21-a0b4-ee7ac293960c,Daryl,Nguyen,20/11/1999,GB,male,daryl.nguyen@example.com,18/12/2022,
E00120,5b3fc0ab-7eb4-4605-b673-e0602ec76e96,Alex,Chambers,29/03/2001,GB,male,alex.chambers@example.com,07/05/2023,
E00121,04d0b84a-3491-4f55-8bec-1deb1a9d96a1,Vicki,Cooper,09/01/2001,GB,female,vicki.cooper@example.com,24/11/2022,
E00124,,Zack,Rhodes,13/12/2000,US,male,zack.rhodes@example.com,06/12/2021,11/03/2023
E00125,308171f0-f8f3-4cdb-b578-369920970f64,Leo,Horton,19/05/2000,US,male,leo.horton@example.com,26/06/2023,
E00129,,Simon,Kristensen,23/12/1998,DK,male,simon.kristensen@example.com,24/04/2022,07/12/2022
E00131,d72e3900-e133-4fae-8f74-dfcd992490da,Catherine,Lewis,19/06/2000,GB,female,catherine.lewis@example.com,04/01/2022,06/11/2022
E00132,,Maddison,Harvey,22/07/1998,GB,female,maddison.harvey@example.com,29/05/2022,06/05/2023
E00137,e9ade065-b9ff-4d02-b691-a76dbda71c18,Alexandra,Clark,03/12/1999,GB,female,alexandra.clark@example.com,30/05/2021,21/12/2020
E00138,a505bb6a-8a39-4b32-b32e-1383334126c5,Jackson,Wagner,03/05/2001,GB,male,jackson.wagner@example.com,13/04/2022,18/03/2023
E00139,,Dick,Reynolds,07/06/1999,GB,male,dick.reynolds@example.com,29/02/2020,21/01/2023
,e062c7aa-159e-4caa-be7e-e63b283ad489,Anna,Ross,16/03/1999,US,female,anna.ross@example.com,24/04/2018,
E00145,b8f71620-d6c2-494f-84c4-2c728072fc7a,Arlene,Peterson,30/01/1999,US,female,arlene.peterson@example.com,19/05/2021,
E00147,9ea220c1-fd56-419f-bf4f-e47c679d257d,Javier,Parker,12/07/1999,US,male,javier.parker@example.com,30/06/2022,
,e50b4ae5-5c6f-42db-baf6-c25aa86a7117,Sammy,Roberts,31/07/2000,GB,male,sammy.roberts@example.com,29/04/2021,23/10/2021
E00152,935fa390-0c30-48bd-a2d8-067200b091dd,Mia,Phillips,15/11/2000,GB,female,mia.phillips@example.com,29/06/2021,17/11/2022
E00154,39cbc447-b0cf-4c09-ae20-0cc50af697e2,Faith,Mcdonalid,31/01/2001,GB,female,faith.mcdonalid@example.com,02/05/2023,
E00165,743e548d-eed9-4c13-adfe-8981fa35c932,Jesus,Shaw,14/04/2001,GB,male,jesus.shaw@example.com,27/05/2023,
E00175,e4092600-a411-4d73-9129-3e57b402e2bf,Lucy,Pena,04/08/1998,US,female,lucy.pena@example.com,23/04/2023,
,19848125-5de5-410d-816c-73f9cbd5e4cd,Deborah,Henry,07/08/1998,GB,female,deborah.henry@example.com,24/02/2023,
E00177,,Javier,Henry,16/11/1999,CH,male,javier.henry@example.com,30/04/2021,22/05/2022
,ae54a114-518d-46df-9ecd-66e42012fd07,Donna,Smith,24/09/1998,GB,female,donna.smith@example.com,24/03/2022,03/02/2023
E00179,82249319-c367-4c44-969c-42ac5f07e4cd,Jakob,Payne,09/03/2000,GB,male,jakob.payne@example.com,26/01/2021,26/05/2020
E00180,,Xander,Robinson,02/04/2000,GB,male,xander.robinson@example.com,27/01/2021,30/05/2023
E00183,,Samantha,Pierce,09/12/1999,US,female,samantha.pierce@example.com,09/09/2020,03/09/2021
E00184,,Alex,Mitchell,24/03/2001,GB,female,alex.mitchell@example.com,06/10/2022,16/02/2023
E00185,,Zander,Nelson,26/06/2000,GB,male,zander.nelson@example.com,18/03/2023,
E00186,,Stacey,Cruz,11/07/1998,US,female,stacey.cruz@example.com,16/09/2021,13/09/2022
E00188,,Clara,Kim,14/04/1999,US,female,clara.kim@example.com,05/11/2018,
E00191,,Elliot,Black,17/06/2000,GB,male,elliot.black@example.com,15/06/2020,
,244368ae-899f-49e3-971b-e1f7f5f624bb,Noah,Mason,04/07/2000,GB,male,noah.mason@example.com,10/06/2022,24/10/2022
,3e60bd53-abcb-421f-a3de-9b99d03e33f2,Sebastian,Hansen,29/03/2000,DK,male,sebastian.hansen@example.com,14/04/2022,
E00202,,Raul,Graves,26/02/2001,GB,male,raul.graves@example.com,17/04/2021,
E00204,9e915159-5f9d-4e69-a6f7-f7b71049847e,Catherine,Bishop,21/09/2000,US,female,catherine.bishop@example.com,11/03/2022,26/03/2023
E00205,,Wendy,Hale,14/09/1999,AU,female,wendy.hale@example.com,14/08/2022,29/10/2022
E00206,,Sheryl,Gibson,27/01/2000,GB,female,sheryl.gibson@example.com,05/09/2018,19/12/2018
E00216,,Carolyn,Hansen,02/01/2001,GB,female,carolyn.hansen@example.com,17/08/2018,10/12/2019
E00217,,Raul,Cruz,20/05/1999,GB,male,raul.cruz@example.com,02/06/2020,
E00223,c4f1c3cc-04ab-44b3-af22-59675acfee52,Porfirio,Paredes,01/01/2000,MX,male,porfirio.paredes@example.com,01/01/2023,28/12/2022
E00230,,Bratislava,Blažić,16/03/2000,RS,female,bratislava.blazic@example.com,02/08/2019,18/11/2019
E00239,,Elliot,Barnaby,04/07/1999,CA,male,elliot.barnaby@example.com,26/03/2023,27/04/2022
E00242,c390761b-704c-469e-bae5-bebba737cd1b,Roy,Perez,09/07/2000,GB,male,roy.perez@example.com,12/02/2022,21/03/2022
E00243,97efb89d-ee55-42a8-b794-9b904d7d540a,Susan,Lawson,14/05/2001,GB,female,susan.lawson@example.com,17/06/2022,02/01/2023
E00248,,Everett,Thompson,11/01/1999,GB,male,everett.thompson@example.com,14/01/2020,10/08/2020
E00252,6a73052c-b364-49ce-91b6-bba53b9e0d0d,Regina,Torres,03/10/2000,US,female,regina.torres@example.com,15/05/2023,
E00254,72cfee37-b3fa-4e53-b4d1-c31714a77ed7,Kathy,Gomez,29/08/1999,GB,female,kathy.gomez@example.com,03/08/2018,
E00257,46b0254d-3ec1-4f5a-9614-60fd9bf41a5c,Barb,Jensen,27/12/2000,GB,female,barb.jensen@example.com,29/01/2022,16/10/2022
E00258,,Marilyn,Pierce,28/10/2000,US,female,marilyn.pierce@example.com,27/04/2022,
E00260,,Avery,Douglas,09/07/1999,GB,female,avery.douglas@example.com,07/06/2021,28/10/2021
,61afe027-0c5a-49cb-99bf-7a472e91e27c,Eleanor,Dean,24/04/1999,GB,female,eleanor.dean@example.com,18/01/2022,12/09/2022
,2225d921-92c4-4c2d-94d3-a6fdf23048dc,Ciro,Nascimento,11/04/2000,BR,male,ciro.nascimento@example.com,13/02/2019,30/05/2019
E00265,68b77746-3124-4043-b191-3466ff57f781,Alice,Rice,17/06/1999,GB,female,alice.rice@example.com,09/05/2018,13/03/2022
E00267,24bd84de-aafb-48d7-a2ea-fc992939d41c,Tomothy,Coleman,10/11/1998,US,male,tomothy.coleman@example.com,30/06/2023,
E00269,,Leah,James,25/08/2000,GB,female,leah.james@example.com,01/06/2022,
,c418ff54-f8e7-4204-b9e0-0dd5f7c32f66,Brianna,Robinson,22/05/2000,US,female,brianna.robinson@example.com,03/06/2021,17/10/2021
,6dcc20bc-f38b-4962-9136-33174fd5a031,Priscilla,Kelly,25/06/1998,US,female,priscilla.kelly@example.com,06/09/2019,25/06/2020
E00278,,Ava,Lynch,11/05/2001,GB,female,ava.lynch@example.com,10/12/2022,
,395efb4b-f5a9-4e68-9d2e-ec86bff05f98,Emma,Sanders,23/10/2000,GB,female,emma.sanders@example.com,06/02/2023,31/01/2023
E00282,,Abby,Wagner,16/03/2000,GB,female,abby.wagner@example.com,13/06/2022,
,e630674d-7880-4047-9baa-c38ef3bb7147,Timothy,Vargas,11/09/1999,GB,male,timothy.vargas@example.com,31/07/2021,12/10/2022
E00291,7a5a1ecb-d478-41a5-883f-f20728d6e915,Nelson,Henry,18/11/2000,GB,male,nelson.henry@example.com,24/09/2021,
E00297,0d7641a8-2a56-41dc-b4f9-2e45e5cbe90a,Devashree,Bhoja,17/06/1999,IN,female,devashree.bhoja@example.com,02/11/2021,23/08/2022
E00303,33457bab-f4dd-403f-b2ad-ff53bb9a3972,Willie,Gutierrez,09/08/2000,GB,male,willie.gutierrez@example.com,27/05/2023,
,5a590baa-d9a7-4ba1-8517-a3007cdb411e,Alice,Alexander,29/07/1999,GB,female,alice.alexander@example.com,05/11/2022,22/06/2023
E00309,,Sophie,Mcdonalid,04/12/2000,GB,female,sophie.mcdonalid@example.com,19/11/2022,03/06/2023
E00310,,Dwight,Mendoza,06/01/2000,GB,male,dwight.mendoza@example.com,03/01/2023,
E00311,,Porfírio,Almeida,12/06/1998,BR,male,porfirio.almeida@example.com,08/11/2022,24/02/2023
E00318,d2283619-3958-4122-a8ee-a07b7e1bb4f7,Ted,Little,06/11/1998,GB,male,ted.little@example.com,08/04/2023,
,6fbb8537-af87-4ccc-8912-3b406b1af63f,Phil,Wells,23/11/2000,GB,male,phil.wells@example.com,23/07/2021,
E00320,,Kelly,Flores,07/07/1999,GB,female,kelly.flores@example.com,23/03/2022,
,d4f75996-a229-493c-a1f5-6112928e6b5a,Fernando,Snyder,08/09/1998,GB,male,fernando.snyder@example.com,15/09/2021,14/04/2022
E00324,,Melanie,Graves,23/03/2000,AU,female,melanie.graves@example.com,01/02/2021,19/07/2021
E00325,e484c02a-316e-4c37-aefc-dfd84f2b26dc,Nicholas,Pearson,10/02/2001,GB,male,nicholas.pearson@example.com,25/02/2023,
E00326,,Lenícia,Moreira,16/11/1999,BR,female,lenicia.moreira@example.com,17/05/2021,
,76d8652e-69e2-4535-a726-e56578dbe14f,Felix,Silva,04/12/1999,GB,male,felix.silva@example.com,23/02/2019,09/09/2019
,f113d215-a6f1-41a7-b206-3a4a3a4fcf85,Franklin,Shaw,13/08/1992,GB,male,franklin.shaw@example.com,01/04/2022,
E00332,7c347f33-970d-4b14-882b-447715eeaf0e,Eric,Cook,05/08/1989,GB,male,eric.cook@example.com,24/05/2021,09/06/2023
E00338,c493bc94-c821-441d-844a-4abbc1cc102e,Brent,Pena,20/03/1989,GB,male,brent.pena@example.com,27/05/2021,02/01/2022
E00340,d78836d4-ff9b-46ad-91ca-f1c9084dfc00,Susanna,Hamilton,12/02/1990,GB,female,susanna.hamilton@example.com,13/06/2023,
E00342,62778230-325e-4096-ae50-0444c3fc2e1b,Brayden,Moore,21/09/1991,GB,male,brayden.moore@example.com,22/05/2023,
E00348,,Izzie,Sanchez,20/09/1992,GB,female,izzie.sanchez@example.com,28/11/2021,04/05/2023
E00352,,Caitlin,Fernandez,24/08/1989,GB,female,caitlin.fernandez@example.com,01/06/2022,
E00353,,Alexandre,Tremblay,25/12/1991,CA,male,alexandre.tremblay@example.com,18/10/2020,17/11/2021
,183d93f5-0c02-41be-a1bc-02501af6ec72,Morris,Thomas,26/06/1989,GB,male,morris.thomas@example.com,12/06/2022,23/10/2022
,2d445ae8-f7fd-4943-bdac-1f574a6f00af,Ernest,Stanley,14/10/1995,US,male,ernest.stanley@example.com,01/04/2022,
,127d7847-1008-4833-901a-22e31cd782d8,Allie,Dean,04/12/1996,GB,female,allie.dean@example.com,30/04/2022,
E00364,,Julie,Bates,07/06/1989,GB,female,julie.bates@example.com,10/09/2022,
,c2cfa608-7964-4378-894f-44e5cacd8d8b,Kimberly,Anderson,06/12/1996,GB,female,kimberly.anderson@example.com,14/05/2022,
E00372,2960caae-b88f-4bb4-9d23-7145115f7503,Hazel,Pierce,30/11/1992,US,female,hazel.pierce@example.com,15/05/2023,
,4aa11613-0178-435b-9fa6-6a6b16ccff41,Ethan,Young,26/02/1996,US,male,ethan.young@example.com,16/02/2023,
E00378,bc0e5f81-4700-412f-af4e-6ed77c846de9,Holly,Snyder,03/02/1990,GB,female,holly.snyder@example.com,07/07/2021,09/08/2021
E00380,cd6f28c1-2d44-4dd0-9557-b88f0ac97332,Jen,Carpenter,30/05/1990,GB,female,jen.carpenter@example.com,15/05/2023,
E00382,fc3b2b67-e6e4-4dec-81f8-6a8073133a5e,Amber,Lowe,05/07/1989,GB,female,amber.lowe@example.com,11/05/2021,16/11/2022
E00383,,Jennifer,Cruz,07/08/1995,GB,female,jennifer.cruz@example.com,22/01/2021,28/03/2022
E00399,,Ling,Shen,05/11/1997,GB,female,Ling.Shen@example.com,03/08/2022,26/07/2022
,973c8b5c-3de0-41ab-b25a-148c4673e0f9,Victoria,Pastor,29/06/1988,ES,female,victoria.pastor@example.com,07/05/2021,
E00403,,Lisa,Garrett,06/01/1989,GB,female,lisa.garrett@example.com,06/05/2022,15/03/2023
,3f99150d-7fc5-4697-8afd-82309e9515fd,Mimosa,Aragão,24/02/1995,BR,female,mimosa.aragao@example.com,07/10/2022,29/09/2022
E00412,7a42b349-d0c6-4e4b-b80e-d54c4074b6ab,Simon,Chow,13/02/1997,CA,male,simon.chow@example.com,23/09/2021,20/02/2022
,537a42b5-091c-4e64-a6eb-c0d98f001ffc,Sherri,Bowman,12/01/1991,US,female,sherri.bowman@example.com,09/04/2023,
E00414,,Bertha,Rodriguez,26/11/1996,US,female,bertha.rodriguez@example.com,09/06/2020,
E00416,1646247a-56b3-4fe4-b54f-9e367ca967c4,Mathew,Gutierrez,26/02/1995,US,male,mathew.gutierrez@example.com,26/05/2021,01/07/2022
E00421,00b86119-1753-45c3-a4a0-740739451afc,Lavrans,Skjeggestad,13/03/1993,NO,male,lavrans.skjeggestad@example.com,29/04/2020,18/05/2020
E00424,ab6f1416-9a82-4104-9dab-dea2fed5b0eb,Caroline,Garza,30/03/1989,GB,female,caroline.garza@example.com,10/08/2018,03/08/2021
E00428,18ddba52-b1a4-46c0-ade2-119e387cc9bc,Kayla,Gibson,09/04/1993,GB,female,kayla.gibson@example.com,26/05/2021,27/06/2020
,7d7a6d66-e0f5-4ca5-9e14-1cf373434a7a,George,Powell,19/05/1995,GB,male,george.powell@example.com,26/09/2020,18/12/2019
E00434,6418fcac-0a46-4351-a7d6-2e98987ca7f0,Art,Wade,03/12/1993,GB,male,art.wade@example.com,02/04/2023,
E00437,,Ted,Morgan,05/02/1994,US,male,ted.morgan@example.com,03/11/2019,21/06/2020
E00438,7e37efe5-7566-4ee8-b70d-14eb1fa980f8,Reina,Limón,27/07/1994,MX,female,reina.limon@example.com,09/02/2023,
E00439,4b0407c8-2fdf-4cc9-ade9-6f6974509e40,Sarah,Cooper,13/11/1988,GB,female,sarah.cooper@example.com,28/03/2022,17/07/2021
E00440,,Eva,Foster,21/10/1994,US,female,eva.foster@example.com,15/07/2022,14/02/2023
,1b68b03e-d9cf-4c07-a2ff-101bc4944cae,Evan,Stone,30/05/1989,GB,male,evan.stone@example.com,15/05/2022,28/09/2022
E00445,48390fff-8821-4fdf-a3ce-9650ac980c5d,Bessie,Bryant,20/06/1992,US,female,bessie.bryant@example.com,02/05/2023,
,06669cb1-4da3-4ba3-9e05-e53c9abe6ea0,Kelly,Lane,25/02/1998,US,female,kelly.lane@example.com,24/12/2022,
E00459,1459dbe1-ddaa-4f81-87c0-44d662c21413,Edgar,Wells,20/04/1993,US,male,edgar.wells@example.com,14/07/2021,
E00460,52c5e898-6eb4-42eb-9000-7a224bfb51ef,Eddie,Diaz,26/12/1990,GB,male,eddie.diaz@example.com,08/11/2021,13/02/2022
E00466,4a487f10-49a9-415a-af56-5901e762223e,Martha,Gibson,07/04/1997,GB,female,martha.gibson@example.com,20/06/2023,
E00470,,Laura,Richardson,21/06/1990,GB,female,laura.richardson@example.com,21/01/2023,
E00471,,Julia,Gibson,14/07/1990,GB,female,julia.gibson@example.com,15/11/2018,
E00474,,Dan,Hughes,27/06/1990,US,male,dan.hughes@example.com,24/03/2022,
E00477,3e0fd109-b063-419b-b95e-bcffe8075f28,Sharon,Ramirez,09/07/1992,GB,female,sharon.ramirez@example.com,21/11/2022,
E00478,c2f53247-4446-4d6e-8e36-ebb5c103b7f8,Kayla,Morrison,14/10/1995,GB,female,kayla.morrison@example.com,07/03/2022,
E00479,,Reingard,Strauß,07/01/1990,DE,female,reingard.strauss@example.com,08/06/2022,27/04/2023
E00481,,Chloe,Reynolds,07/06/1989,GB,female,chloe.reynolds@example.com,28/05/2022,
E00489,9bfcd0a7-77ef-4b83-9485-af614731f861,Johnni,Garza,07/07/1995,GB,male,johnni.garza@example.com,18/06/2023,
E00493,,Luke,Stevens,09/12/1997,GB,male,luke.stevens@example.com,08/12/2020,08/05/2023
E00498,,Riley,Mason,19/06/1994,GB,male,riley.mason@example.com,01/03/2020,01/06/2021
E00503,a4b26553-defb-4ed7-b42f-eb50313be292,Renee,Kelly,07/06/1997,US,female,renee.kelly@example.com,05/06/2023,
,e485c85a-2687-429c-a866-7e2ab7aab739,Victoria,Butler,04/12/1988,GB,female,victoria.butler@example.com,25/11/2019,27/02/2020
E00508,5565d41f-128e-4dc9-8bdd-8a5d70cbb48e,Rebecca,Watkins,29/11/1996,US,female,rebecca.watkins@example.com,01/01/2022,08/04/2022
E00512,a5a04599-23c5-4a23-8250-638c6b622bff,Marcus,Pena,19/04/1993,GB,male,marcus.pena@example.com,13/11/2020,27/08/2021
E00517,f442f9fa-996c-4042-9cc4-f5b95a080d47,Ella,Flores,23/11/1995,GB,female,ella.flores@example.com,22/03/2022,
E00519,,Corey,Reid,04/08/1994,US,male,corey.reid@example.com,01/01/2023,10/03/2023
,3fd9691b-c2dc-4301-991a-4275948de2c7,Bernice,Watkins,11/05/1998,US,female,bernice.watkins@example.com,01/08/2018,
E00524,,Manuel,Curtis,16/10/1990,US,male,manuel.curtis@example.com,17/03/2020,29/10/2022
E00525,,Dylan,Mills,13/04/1990,GB,male,dylan.mills@example.com,05/06/2022,
E00526,de031f58-46a9-4507-aa8c-03bd0e659a09,Jill,Williams,04/07/1990,US,female,jill.williams@example.com,20/12/2022,
E00527,,Aubrey,Brown,27/12/1989,CA,female,aubrey.brown@example.com,12/07/2020,06/12/2022
E00529,,Abby,Hopkins,14/05/1996,GB,female,abby.hopkins@example.com,07/09/2020,
E00531,,Israel,Luevano,21/06/1994,MX,male,israel.luevano@example.com,09/11/2018,04/03/2023
E00533,,Barb,Boyd,02/12/1993,GB,female,barb.boyd@example.com,21/12/2020,
,6f1e1bfe-0d58-4809-8410-bb8de79335e5,Terrance,Freeman,17/05/1990,US,male,terrance.freeman@example.com,30/04/2018,08/11/2018
,393dfedb-20af-4548-b575-b6b7873fad3b,Haron,Meyer,27/11/1990,NL,male,haron.meyer@example.com,04/12/2021,24/02/2023
E00537,78b4262c-8ebc-4370-90d5-02cdd33665da,Qing,Chen,,GB,female,Qing.Chen@example.com,12/11/2021,25/02/2023
E00538,,Charlotte,Diaz,24/10/1989,GB,female,charlotte.diaz@example.com,06/11/2021,31/03/2023
E00542,1e9e6919-52d1-4bd0-bdb5-8db34efcc16f,Christy,Wells,28/05/1989,US,female,christy.wells@example.com,01/12/2020,30/10/2021
E00544,954cdc6c-2918-45cf-aad8-7ec5010e8395,Dustin,Torres,11/10/1992,GB,male,dustin.torres@example.com,15/01/2022,26/11/2022
,a2be118c-9c9f-4c52-ad25-c9acf48a2709,Jack,Day,11/10/1988,US,male,jack.day@example.com,05/05/2022,24/04/2022
E00555,,Jenny,Mccoy,16/07/1995,GB,female,jenny.mccoy@example.com,22/04/2018,13/02/2020
E00556,ac897eb3-3650-4ee5-8a64-efa8ee69d465,Lee,Hanson,19/04/1993,GB,male,lee.hanson@example.com,20/11/2022,08/05/2023
E00557,ac889c01-a1b2-45e9-ba30-d41d3b1ae5b7,Sam,Carlson,25/05/1994,GB,female,sam.carlson@example.com,08/03/2023,
E00558,,Donna,Gerashchenko,04/02/1998,UA,female,donna.gerashchenko@example.com,13/01/2020,
E00559,7a81243a-0aa6-4072-bb10-b1d8cb3fadd3,Julie,Matthews,27/06/1993,IE,female,julie.matthews@example.com,26/07/2021,
E00560,cb48c8b7-15fc-446d-9b7c-0d469a6b666d,Ralph,Bradley,18/01/1997,GB,male,ralph.bradley@example.com,10/04/2022,13/01/2023
E00561,03e4e638-9ef3-4bf0-afc6-dee39aba207e,Willie,Evans,25/10/1993,GB,male,willie.evans@example.com,21/01/2023,
E00563,f34a645b-73da-4acf-a5ee-9abc83af1a13,Eva,Robertson,07/07/1997,GB,female,eva.robertson@example.com,04/02/2023,
E00570,,Ritthy,Bell,16/08/1996,GB,male,ritthy.bell@example.com,09/05/2021,10/12/2022
,2e6f89c8-cee2-4ccb-9766-f93324080944,Leah,Warren,03/12/1993,GB,female,leah.warren@example.com,16/03/2023,
E00575,,Kelly,Lee,19/05/1993,GB,female,kelly.lee@example.com,28/03/2023,
E00576,,Eduardo,Adams,22/03/1991,US,male,eduardo.adams@example.com,27/09/2020,
E00579,,Steve,King,25/06/1995,GB,male,steve.king@example.com,24/04/2023,
E00588,20c8440f-f2d2-426e-b48d-943b35e10f22,Richard,Barrett,13/08/1990,GB,male,richard.barrett@example.com,05/05/2023,
E00590,1f360e68-84a9-4cb5-bdb5-b6062b9d0805,Barb,Ross,20/11/1990,GB,female,barb.ross@example.com,29/05/2022,26/09/2022
E00592,,Arron,Ellis,21/05/1995,US,male,arron.ellis@example.com,01/03/2021,19/12/2020
,856c6279-1a89-49db-bcf3-617046e9f3e9,Hella,Lammers,28/11/1995,DE,female,hella.lammers@example.com,01/10/2020,07/05/2021
E00596,,Lucy,Mendoza,15/12/1992,GB,female,lucy.mendoza@example.com,19/07/2022,
E00597,,Elliot,Ford,02/03/1989,GB,male,elliot.ford@example.com,26/04/2022,07/01/2023
E00598,9ee15135-bbe3-41b1-aa71-eca8e062ff1f,Jenny,Powell,08/02/1996,GB,female,jenny.powell@example.com,17/03/2023,
,eb5c42c1-0586-43df-86e8-d561698d1151,Alvin,Peterson,28/11/1989,GB,male,alvin.peterson@example.com,08/04/2022,30/04/2023
E00602,555582e2-f90a-45b0-acbd-5746d5a825f3,Isabella,Tucker,05/11/1990,GB,female,isabella.tucker@example.com,21/04/2023,
E00606,540d8dea-9025-41e9-8e03-5bacc056e5de,Debra,Burke,01/03/1997,GB,female,debra.burke@example.com,24/08/2019,10/11/2020
,be7fb54f-5fe9-4fb5-a190-7418af1485f0,Rafael,Hicks,26/09/1991,GB,male,rafael.hicks@example.com,14/04/2022,
E00610,116adf44-4d86-4fb7-b596-9e2d50c51e6c,Travis,May,15/06/1993,GB,male,travis.may@example.com,24/05/2023,
,d5fab14f-618d-4971-9e2e-b042080e0bc2,Neil,Meyer,25/06/1987,GB,male,neil.meyer@example.com,14/11/2019,14/03/2020
,be30b0de-a94c-4baa-a79d-f669fa03818f,Babür,Atakol,22/01/1988,TR,male,babur.atakol@example.com,28/12/2022,
E00621,378edf0c-f309-400d-a640-b0727efcb9c3,Lucy,Moore,06/06/1983,GB,female,lucy.moore@example.com,12/05/2023,
,4027f336-57dc-4540-bd2b-318b27adc85b,Morris,Palmer,17/12/1979,US,male,morris.palmer@example.com,08/12/2022,
E00627,,Tammy,Pearson,03/09/1985,GB,female,tammy.pearson@example.com,05/05/2022,28/12/2022
E00628,ac69717e-adee-4cf4-aa06-b57875fdda3c,Levi,Wright,26/04/1988,US,male,levi.wright@example.com,05/01/2022,
E00629,b1a9cdc6-c40e-4c42-ba64-d99e4b25eff4,Hanna,Carter,13/05/1987,GB,female,hanna.carter@example.com,29/07/2021,27/12/2020
,b6dbba11-b85f-4bcd-80d0-331a5811ff46,Mandy,Armstrong,07/10/1984,GB,female,mandy.armstrong@example.com,13/11/2022,
E00631,cbc6fd83-91a0-4de5-82cd-73db1bdbaa79,Jim,Crawford,12/05/1979,GB,male,jim.crawford@example.com,26/12/2022,04/01/2023
,65a17c02-0541-4f8c-bc98-93e9be27ee74,Rich,Nichols,18/07/1983,GB,male,rich.nichols@example.com,01/12/2022,
,b685b2b4-9427-4c6e-aeb0-c6030c2503ce,Victor,Jean-Baptiste,27/08/1982,CA,male,victor.jean-baptiste@example.com,03/11/2022,07/01/2023
E00637,03cfc782-14b6-4f6c-a822-98564c152400,Corey,Carr,17/08/1987,GB,male,corey.carr@example.com,11/06/2020,
E00638,47274769-5805-489f-86f9-fcf0c21de9ab,Owen,Wheeler,13/05/1981,GB,male,owen.wheeler@example.com,28/05/2023,
E00642,,Marvin,Hoffman,21/08/1985,GB,male,marvin.hoffman@example.com,26/06/2022,
E00643,61e1dd84-0d9e-4667-bb91-2589f3f73010,Wojciech,Støen,02/06/1983,NO,male,wojciech.stoen@example.com,14/07/2020,25/11/2022
,bf6d8641-b138-41d4-a38d-23c389e07f9e,Ava,Day,02/09/1985,GB,female,ava.day@example.com,14/08/2021,
E00647,157f84b2-b027-46f8-aa24-d81490f587be,Olivia,Madsen,29/10/1978,DK,female,olivia.madsen@example.com,26/01/2022,18/05/2021
E00650,,Javier,Mccoy,25/08/1980,GB,male,javier.mccoy@example.com,13/02/2023,
E00654,,Kazushi,Toda,15/07/1978,GB,male,Kazushi.Toda@example.com,15/02/2023,
E00656,,Andrea,Ryan,09/09/1983,GB,female,andrea.ryan@example.com,15/01/2023,09/05/2023
E00660,,Judith,Neal,20/11/1986,GB,female,judith.neal@example.com,26/11/2019,21/04/2019
E00661,9dc3525d-b3a7-440c-9d56-c76b753e92f3,Sara,Bishop,07/07/1985,GB,female,sara.bishop@example.com,06/02/2021,20/03/2021
E00663,8c47aa9d-8f64-4396-954a-92a7edef10b6,Terrance,Knight,08/08/1980,GB,male,terrance.knight@example.com,26/06/2023,
,2a823f4a-0694-40cf-a9a5-7cd37b41272d,Raul,Bates,29/12/1983,GB,male,raul.bates@example.com,04/03/2020,17/10/2020
E00669,ec3d7f94-9d58-41d0-88d3-011360b86d9b,Marvin,Adams,22/09/1982,GB,male,marvin.adams@example.com,16/05/2023,
E00673,2c573001-9899-41d9-a728-7d3a2a483c39,Kristin,Jennings,14/07/1984,US,female,kristin.jennings@example.com,02/09/2019,
E00675,2faeb93b-3372-4690-bf88-c10d4d5a7d3b,Nicholas,Howard,10/02/1983,US,male,nicholas.howard@example.com,12/05/2023,
E00677,,Eleanor,Andrews,28/04/1982,GB,female,eleanor.andrews@example.com,07/01/2020,04/07/2020
E00681,,Nicky,Adams,26/11/1979,GB,female,nicky.adams@example.com,11/11/2021,29/03/2023
E00688,06cdf58d-254b-4898-935b-cf5fdd44f802,Aicha,Moura,26/03/1985,BR,female,aicha.moura@example.com,06/06/2022,29/05/2022
E00689,c2b6d1d9-ae24-48c5-a071-da06ab5cc380,Diane,Foster,07/07/1987,GB,female,diane.foster@example.com,16/02/2023,
,a7709ff6-6708-41aa-bd14-de259f8e381a,Marc,Graves,20/11/1981,GB,male,marc.graves@example.com,20/09/2019,21/01/2020
E00694,,Lucille,Berry,19/08/1982,US,female,lucille.berry@example.com,27/02/2022,
,a279e3ad-b30d-4968-adfb-2fdc0313a73c,Isabelle,Clarke,14/01/1982,GB,female,isabelle.clarke@example.com,29/07/2021,10/08/2022
E00696,caf47974-9f10-47fc-a1d3-af7f3cd06141,Irene,Fetzer,26/10/1986,DE,female,irene.fetzer@example.com,12/06/2018,
,ec2d7927-8fea-4a64-b2d3-457d1c094ed9,Daisy,Ellis,15/06/1984,US,female,daisy.ellis@example.com,20/11/2022,13/02/2023
,42ba3599-a9e5-4c3f-ae2c-e28cec7ec24d,Isidro,Oliveira,02/11/1984,BR,male,isidro.oliveira@example.com,29/05/2022,23/11/2021
,8231679e-12b3-423c-b945-c786bce272d1,Katie,Morales,19/02/1983,GB,female,katie.morales@example.com,05/03/2020,08/08/2020
,1e11212c-7ec0-4916-b489-31500916e9b3,Christine,Richardson,05/07/1985,US,female,christine.richardson@example.com,11/08/2022,
E00704,c627a77d-3edc-4583-9c68-d3cad66c1c9d,Taylor,Clarke,13/04/1985,GB,male,taylor.clarke@example.com,26/02/2022,17/07/2021
E00709,63f44b1a-e6c8-4b8c-b78e-b38a7fa9e8d3,Josh,Armstrong,21/09/1986,GB,male,josh.armstrong@example.com,22/08/2018,09/09/2019
E00711,b6f3af8d-f408-481b-a194-f1397ccee628,Ronald,Boyd,24/09/1982,GB,male,ronald.boyd@example.com,27/11/2019,15/05/2021
E00720,,Leonard,Young,15/04/1979,GB,male,leonard.young@example.com,10/04/2018,06/03/2019
,62f0c2e2-a80d-4527-9557-d7f6523e7786,Raymond,Hopkins,16/05/1983,US,male,raymond.hopkins@example.com,10/05/2019,25/10/2020
E00724,dc80311a-8fdf-4dc4-8d5c-492ea6d153d2,Mathew,Wade,05/09/1984,GB,male,mathew.wade@example.com,10/10/2021,17/06/2022
E00728,a7f2ebb3-17b6-4295-9bf1-6cacb0d779fd,Dwayne,Wood,29/12/1985,US,male,dwayne.wood@example.com,22/05/2023,
,bd1c2337-da15-43f5-ad8e-21970e4894b0,Jon,Gray,29/09/1987,GB,male,jon.gray@example.com,27/12/2022,17/06/2022
,33806c90-72f5-4279-b617-0fdedf2223ef,Britney,Edwards,20/09/1984,GB,female,britney.edwards@example.com,14/09/2022,
,5b6db5b2-1797-4e1a-b70e-e8a1e4fe00aa,Lillian,Holmes,20/03/1980,GB,female,lillian.holmes@example.com,23/11/2019,03/08/2020
E00739,d705ca65-0640-41d7-9d6c-11b47663f76a,Léonard,Mathieu,09/02/1982,FR,male,leonard.mathieu@example.com,26/07/2021,22/07/2020
,cc4bf974-87b2-4649-9f2f-794a59a0ccc2,Thomas,Bryant,05/03/1983,GB,male,thomas.bryant@example.com,04/02/2020,15/01/2021
E00742,3c4f1f64-d2e5-41fa-b003-68c9d6e14350,Tracy,Harvey,22/02/1987,GB,female,tracy.harvey@example.com,30/04/2023,
,aceda730-453d-4b8a-961d-9472ffa67940,Michael,Palmer,25/05/1985,US,male,michael.palmer@example.com,10/10/2022,
,b58af9f0-83bb-4ba6-93ce-fa6dcd7f6513,Katherine,Brown,04/10/1980,GB,female,katherine.brown@example.com,28/02/2023,
E00748,,Holly,Terry,30/01/1982,GB,female,holly.terry@example.com,22/11/2022,
E00754,45f37973-a780-4e1d-beb4-e1277b8521cf,Samuel,Alexander,07/03/1987,GB,male,samuel.alexander@example.com,22/11/2022,
E00757,,Ashley,Spencer,23/12/1981,GB,female,ashley.spencer@example.com,13/06/2022,
E00758,60c7a682-0c00-4b12-b8f7-bb17bddc3155,Maurice,Powell,01/09/1978,US,male,maurice.powell@example.com,14/05/2023,
E00760,28f50e14-70df-440e-9501-fcdc41281215,Birthe,Van Egmond,25/10/1981,NL,female,birthe.vanegmond@example.com,29/12/2021,21/08/2021
E00761,3cc9333e-adea-4c95-bddf-6f07ba415832,Eleanor,Alexander,20/07/1983,GB,female,eleanor.alexander@example.com,06/06/2023,
E00762,63c97de3-8f54-4f1c-9d6c-85e32bf82c2a,Floyd,Smith,10/06/1984,US,male,floyd.smith@example.com,20/06/2023,
,230b7b59-8d6d-41ac-9a18-c2d65fea31c0,Rebecca,Stephens,10/11/1983,US,female,rebecca.stephens@example.com,11/11/2020,14/07/2021
,17fd9c12-2d37-4993-b5e6-3a8d3f4ed3ab,Kristin,Morales,28/12/1978,GB,female,kristin.morales@example.com,25/11/2020,28/12/2019
E00765,2c711aa1-d7e4-490f-8883-b7e9582d684c,Victoria,Dubois,14/01/1980,FR,female,victoria.dubois@example.com,27/09/2022,29/12/2021
,4641cd8a-3ccf-4343-89b6-d9f7a2162679,Karla,Larsen,28/06/1983,DK,female,karla.larsen@example.com,06/09/2020,16/09/2021
E00773,43447f2a-616a-4c7f-b150-0d3efdb858a3,Nika,Gub'yak,03/02/1984,UA,female,nika.gub'yak@example.com,23/02/2023,
,ad0788bf-a175-4f37-b3f3-268fd237eaaa,Maddison,Jones,17/02/1988,GB,female,maddison.jones@example.com,19/05/2019,18/03/2020
E00784,,Okan,Babaoğlu,13/12/1981,TR,male,okan.babaoglu@example.com,23/08/2020,13/08/2022
E00792,af8b5d24-8388-4bca-a188-5f8e452311f4,Katherine,Hart,18/01/1981,GB,female,katherine.hart@example.com,03/09/2022,
,4f8843d2-00a2-4e18-a97c-69ca6b88b526,Eileen,Fowler,03/10/1984,US,female,eileen.fowler@example.com,10/11/2019,07/01/2020
E00800,678a0697-cae4-4b46-850f-ada5fe8f68f3,Irânia,Sales,12/06/1987,BR,female,irania.sales@example.com,15/09/2022,17/01/2023
,c4c31c44-1aa6-4d9c-8d93-4b907daa36bd,Abdullahi,Husabø,05/09/1979,NO,male,abdullahi.husabo@example.com,29/08/2022,
,caca7499-f6e2-495a-b6df-6621426df4aa,Jennie,Burton,13/05/1988,US,female,jennie.burton@example.com,09/02/2023,
,44881ee1-0a21-418e-a4fe-ba9b7780e0d9,Elizabeth,Johnson,17/05/1986,GB,female,elizabeth.johnson@example.com,01/04/2022,
E00813,04b4db83-e98c-46d6-9862-3c69cd29b63e,Tracy,Watkins,18/08/1982,GB,female,tracy.watkins@example.com,11/11/2022,
E00814,45d6c915-de01-4867-a93d-ab94f824ece4,Sara,Stewart,23/06/1984,GB,female,sara.stewart@example.com,16/07/2020,11/08/2020
E00815,,Pei,Van Roosendaal,27/10/1987,NL,female,pei.vanroosendaal@example.com,17/06/2022,27/03/2023
,3d17807a-db6a-493d-9296-1ad79f395369,Maxwell,Burke,02/05/1985,GB,male,maxwell.burke@example.com,24/04/2021,
E00818,b29d52a7-d3c3-454a-94a2-fe219d7b454e,Victoria,Mitchelle,26/12/1978,GB,female,victoria.mitchelle@example.com,07/05/2022,09/06/2022
E00819,e8c0c2f5-7772-441b-bd16-2964367257cc,Johanne,Hansen,07/11/1980,DK,female,johanne.hansen@example.com,10/04/2018,
E00820,ed1354b9-ecc4-4636-968c-6a3712d513a4,Lambert,Guse,27/02/1981,DE,male,lambert.guse@example.com,28/07/2022,26/10/2021
E00823,264fbce6-03c8-49fb-826d-bab4cecce3d4,Edwin,Richards,31/05/1978,US,male,edwin.richards@example.com,01/03/2022,02/11/2022
,dccf30a3-3984-4310-a483-ce120b991192,Kimberly,Mitchelle,17/07/1978,GB,female,kimberly.mitchelle@example.com,28/10/2021,
E00836,,Clarence,Walker,10/07/1982,IE,male,clarence.walker@example.com,07/01/2021,
E00839,d63c3ec3-9bf9-49f6-a1c2-25958b5a4d7e,Kent,Wood,06/10/1983,GB,male,kent.wood@example.com,21/12/2018,03/08/2022
,244121b7-c6cf-4aba-9971-9ac869acd6a1,Franklin,Garza,30/08/1987,GB,male,franklin.garza@example.com,19/11/2022,26/03/2023
E00844,33ce4e8c-ecb5-4a12-90ae-81bf280c4dcc,Purificación,Vega,20/12/1982,ES,female,purificacion.vega@example.com,05/12/2022,05/01/2023
E00845,2e94cfc4-8d23-4981-ae94-2bab2a33293c,Reginald,Graham,07/02/1983,GB,male,reginald.graham@example.com,10/06/2023,
E00847,e4e042e2-a382-400c-b06a-6ddb25d103b6,Ron,Jennings,16/12/1983,GB,male,ron.jennings@example.com,28/10/2022,
,dffa5e7e-70d9-4d8d-a04f-e96f62b3a576,Harold,Elliott,09/04/1981,GB,male,harold.elliott@example.com,25/04/2023,
E00857,5a0e911d-8e22-4e77-a26d-16c91a1c8c87,Diane,Hunter,29/01/1979,US,female,diane.hunter@example.com,21/05/2023,
E00858,,Hanna,Day,21/12/1983,GB,female,hanna.day@example.com,29/04/2021,21/11/2020
E00862,,Angela,Oliver,23/08/1980,GB,female,angela.oliver@example.com,11/11/2022,18/04/2023
,afa0cb22-5e7b-4fbb-b231-b3a1c75d4804,Brad,Watson,19/10/1983,GB,male,brad.watson@example.com,18/04/2022,
E00865,48d0f3f6-6a02-4881-86be-a7ac7df3436d,Sheryl,Steward,12/11/1979,GB,female,sheryl.steward@example.com,26/06/2023,
E00867,,Lucy,Meyer,03/10/1978,GB,female,lucy.meyer@example.com,21/03/2021,
,d09e1650-fc70-48c3-b732-ed474f0d7373,Virgil,Medina,21/04/1969,US,male,virgil.medina@example.com,29/01/2020,13/05/2023
E00869,b4965ccc-f7ea-4e9a-8e9c-31cacf101d5d,Byron,Gilbert,18/11/1973,GB,male,byron.gilbert@example.com,28/05/2022,31/01/2023
E00870,05a45fd6-788b-45f4-8420-6658348f49ba,Chloe,Bennett,16/04/1976,GB,female,chloe.bennett@example.com,05/05/2022,12/04/2023
E00872,,Louis,Welch,08/10/1972,GB,male,louis.welch@example.com,19/11/2019,
E00886,,Ceyhun,Demirel,25/06/1969,TR,male,ceyhun.demirel@example.com,23/05/2021,23/01/2022
,55de647d-5cc0-4ec4-a545-0837261e0411,Kelly,Morales,24/12/1970,GB,female,kelly.morales@example.com,26/08/2021,20/01/2023
E00900,8043be1e-f7a6-465d-becc-22b8301315bc,Mark,Simpson,23/06/1969,GB,male,mark.simpson@example.com,04/03/2023,
E00903,,Lily,Hoffman,29/06/1973,GB,female,lily.hoffman@example.com,11/06/2022,
E00904,6109518d-6cbb-4ea9-8ba9-4bea940ec2dd,Edna,Morgan,19/03/1975,US,female,edna.morgan@example.com,27/12/2022,19/05/2022
E00906,b52778da-e8aa-43a7-b988-b5c64c25a7bc,Darlene,Jimenez,01/08/1972,US,female,darlene.jimenez@example.com,12/12/2021,20/09/2022
,157b97c4-504f-4c3c-83b5-5b2e8f9edca3,Fedora,Tretyaki,24/04/1975,UA,female,fedora.tretyaki@example.com,26/01/2022,09/06/2022
,d15117ce-2be3-4b14-8a89-4c539bf1d93f,Barb,Kim,19/11/1969,GB,female,barb.kim@example.com,05/02/2021,04/06/2021
E00910,835b275b-6e3d-4807-8991-9c3c97885c2a,Sophie,Sanders,06/11/1977,GB,female,sophie.sanders@example.com,27/01/2022,30/03/2023
E00912,5a76e1b2-1fc6-4ed7-9c80-8df2764e9ecb,Wade,Wells,18/04/1976,GB,male,wade.wells@example.com,16/06/2023,
E00915,,Gavin,Walters,21/03/1972,GB,male,gavin.walters@example.com,16/03/2023,
E00919,2ca6d915-70a7-4bd3-8ee8-3747ab77dc5f,Martha,Boyd,19/06/1975,GB,female,martha.boyd@example.com,28/02/2022,26/04/2022
,04eb30bc-42d7-4f5d-a26b-0af211b5691e,Kelly,Burton,01/06/1977,GB,male,kelly.burton@example.com,11/08/2018,
,553376fc-3745-4c3e-98d0-27154f4ac8ae,Reiner,Adolph,21/11/1971,DE,male,reiner.adolph@example.com,16/08/2022,03/02/2023
E00932,aaa9e773-ed79-40f1-a364-c32b48d65a05,Lorena,Robin,24/12/1973,CH,female,lorena.robin@example.com,10/01/2023,24/03/2023
E00933,68f6d24d-a405-4cfa-92bd-e65fdd740569,Philip,King,11/07/1977,US,male,philip.king@example.com,15/05/2020,
E00935,9fcea076-df13-4d89-8580-159178702248,Brennan,Turner,26/05/1969,GB,male,brennan.turner@example.com,01/05/2023,
E00936,09fef864-5eba-4410-bdff-6678212f8bf5,Chester,Stephens,08/01/1975,GB,male,chester.stephens@example.com,25/09/2019,
,3c347c10-fa48-4142-8713-75a7ffd81118,Daniel,Marshall,11/10/1973,GB,male,daniel.marshall@example.com,10/11/2020,04/04/2021
E00939,f799ab3c-7b3b-458f-bc62-d24f4269b967,Jordan,Tucker,15/03/1972,GB,male,jordan.tucker@example.com,28/10/2019,25/01/2019
,6e1fe8b6-be1c-4359-94f6-277adee464b6,Masako,Ishihara,14/12/1974,GB,female,Masako.Ishihara@example.com,13/10/2020,25/04/2023
E00945,29d3f2a9-8aa7-4e78-a747-2c66fdd73147,Grace,Spencer,22/02/1972,GB,female,grace.spencer@example.com,07/09/2021,20/11/2021
E00948,5070a885-ed1e-4064-ba72-83eb0585043d,Zack,Rodriquez,22/09/1977,US,male,zack.rodriquez@example.com,22/11/2022,07/12/2022
E00950,834f1010-b8eb-4d79-a232-4c43ca585401,Jason,Johnson,18/10/1973,GB,male,jason.johnson@example.com,09/06/2023,
E00953,d67b0497-7d52-42ad-920e-b759139130a0,Christina,Steward,18/08/1972,US,female,christina.steward@example.com,19/05/2023,26/06/2023
E00955,,Tomothy,Foster,02/11/1969,GB,male,tomothy.foster@example.com,31/01/2022,15/01/2023
E00956,,Ian,Johnson,17/09/1972,GB,male,ian.johnson@example.com,13/01/2022,01/05/2022
E00959,3b95f5a8-bc76-49bc-8017-a9c12f4e44d4,Daniel,Banks,21/07/1973,US,male,daniel.banks@example.com,22/06/2023,
E00960,571bb2e9-7d7a-498f-b8ce-e0f1fcee62dd,Alex,Davies,16/08/1969,NZ,male,alex.davies@example.com,07/06/2023,26/05/2023
,b21406f2-2cd4-479c-85da-326eecd9983e,Alwine,Seeger,03/01/1978,DE,female,alwine.seeger@example.com,26/02/2022,
E00966,,Rosie,Jensen,21/05/1976,GB,female,rosie.jensen@example.com,04/08/2021,
E00967,,Wyatt,Taylor,10/06/1975,US,male,wyatt.taylor@example.com,21/09/2018,
,da2a0b79-4deb-4c53-a5f7-3ed95ffbb5b4,Cherly,Woods,13/01/1975,US,female,cherly.woods@example.com,27/11/2022,29/04/2023
E00976,,John,Rodriguez,14/06/1972,US,male,john.rodriguez@example.com,30/11/2019,14/07/2020
E00978,,Susan,Carlson,07/03/1978,GB,female,susan.carlson@example.com,18/03/2023,
E00980,191bf9d7-c63d-4ab4-9e4f-24247a43f502,Michelle,Hoffman,23/06/1976,GB,female,michelle.hoffman@example.com,09/04/2023,17/06/2023
,443f9618-8528-4c5a-9519-fbf7d201a400,Mir,Senchenko,31/05/1973,UA,male,mir.senchenko@example.com,03/04/2023,
E00984,6bbc2367-3a20-4518-b964-848dc1c41d0c,Duane,Moreno,14/03/1974,US,male,duane.moreno@example.com,29/04/2022,21/01/2023
E00987,,Minttu,Keto,09/11/1968,FI,female,minttu.keto@example.com,14/11/2022,30/01/2023
,77adfe90-e06b-4594-b303-1a0338967c90,Peter,Mitchell,14/05/1974,US,male,peter.mitchell@example.com,26/05/2021,03/10/2021
E00992,930335f1-dcf5-40dd-b700-6ffb1dabc3bb,Travis,Willis,02/06/1970,GB,male,travis.willis@example.com,19/08/2020,
E00997,e1206423-46a7-4904-b26a-2a39ea8f7ecd,Rodney,Wade,23/11/1976,GB,male,rodney.wade@example.com,11/11/2018,
E01002,78ad57ec-6f0e-4857-8783-0f2cb3be7154,Mae,Lucas,09/07/1975,FR,male,mae.lucas@example.com,31/03/2023,
,032a913a-633d-4cfb-a723-65c22957e7de,Kristin,Andrews,19/12/1977,GB,female,kristin.andrews@example.com,23/12/2019,01/08/2021
E01006,0ee85f83-0863-4c06-9f0f-29850b4058f6,Dale,Medina,09/12/1973,US,male,dale.medina@example.com,01/03/2019,18/11/2020
,9d871514-e352-47b4-8238-6fceb2be81d1,Marisela,Casanova,30/04/1975,MX,female,marisela.casanova@example.com,15/07/2021,05/01/2022
E01013,268abb3d-e736-4415-98b1-c7dff6a080ec,Stella,Senishin,28/09/1975,UA,female,stella.senishin@example.com,01/05/2023,
E01016,18807f16-51f7-4d3f-8ef3-e7a4d2235eff,Flenn,Dixon,25/09/1969,US,male,flenn.dixon@example.com,02/05/2023,
E01017,6daf0016-65ee-498d-b70b-11b825123d6b,Carl,Gilbert,27/06/1975,IE,male,carl.gilbert@example.com,05/05/2023,
E01019,,Bartholomäus,Heigl,22/05/1969,DE,male,bartholomaus.heigl@example.com,10/08/2022,
,a129f770-ea7e-47aa-b561-818a9331883b,Lance,Alvarez,14/08/1974,US,male,lance.alvarez@example.com,26/04/2018,
,cb422e90-0e04-43ec-8fdf-26c3c9981a79,Philip,Fleming,26/03/1973,US,male,philip.fleming@example.com,20/09/2022,
E01037,,Peggy,Powell,11/11/1972,US,female,peggy.powell@example.com,20/07/2018,08/06/2019
E01042,,Lucas,Bryant,30/04/1969,GB,male,lucas.bryant@example.com,10/03/2022,11/03/2023
E01043,,Sheryl,Carter,17/01/1975,GB,female,sheryl.carter@example.com,22/04/2020,
E01049,246ee874-44f1-48e9-a0ef-929d72b2cb95,Susie,Webb,30/04/1974,GB,female,susie.webb@example.com,07/11/2021,20/05/2022
E01050,,David,Mančić,21/07/1974,RS,male,david.mancic@example.com,20/12/2021,
E01052,2962b5b0-0edc-49be-a926-f97755919e5d,Dan,Garcia,26/03/1971,GB,male,dan.garcia@example.com,23/11/2021,
,bcdc3569-d8c2-46ab-9de0-36f79237e22d,Mirja,Möbius,01/04/1969,DE,female,mirja.mobius@example.com,01/11/2021,
,dfd97846-6fd9-4fe0-abc5-62e5a228746a,Rose,Cunningham,06/08/1968,GB,female,rose.cunningham@example.com,06/12/2020,29/12/2020
E01056,4cd4a6f9-ea7d-4793-9afd-56afed0070a2,Suzanna,Jordan,16/06/1972,GB,female,suzanna.jordan@example.com,11/05/2023,
,d5238aba-019b-4d3c-9fc5-df736bd81825,Connor,Harris,23/12/1969,GB,male,connor.harris@example.com,22/03/2023,17/06/2023
E01064,,Emily,Fleming,03/12/1974,GB,female,emily.fleming@example.com,08/11/2022,16/04/2023
E01065,b49981cc-6a9d-415d-8add-aa5396c0d7ee,Nelly,Engen,24/06/1976,NO,female,nelly.engen@example.com,26/04/2022,
,7e04e2e7-2753-4264-afde-a6b09a2d449f,Swathi,Thampy,20/04/1973,IN,female,swathi.thampy@example.com,05/06/2021,28/05/2021
E01079,ffec39fc-886d-4e95-a4a0-23df93134fd3,Erik,Barnes,21/12/1970,US,male,erik.barnes@example.com,09/05/2023,
E01080,24edd217-a2e8-4db4-b3e3-2f82249eb676,Erika,Stevens,28/10/1968,US,female,erika.stevens@example.com,14/05/2019,06/09/2019
E01081,38a23a40-0268-47f5-81e9-ca7e353e9e79,Lily,Ward,12/02/1970,GB,female,lily.ward@example.com,25/04/2021,13/08/2021
E01084,f3540d7d-963a-4bf7-aa52-5a257a94060b,Jake,Hernandez,04/08/1968,GB,male,jake.hernandez@example.com,06/10/2020,
E01085,,Peyton,Day,09/01/1972,US,female,peyton.day@example.com,14/10/2022,
,a933aed1-dd77-4ef3-a65c-1d08ac10ea6b,Diana,Steward,20/07/1970,GB,female,diana.steward@example.com,05/06/2021,
E01091,,Florence,Freeman,30/03/1973,US,female,florence.freeman@example.com,12/03/2022,
E01092,4319e9e2-4e3c-4670-bdd2-a68fb3a11ecc,Eva,Bryant,05/07/1975,GB,female,eva.bryant@example.com,20/02/2022,06/10/2022
,c442e840-f1fe-4be0-aa10-490dc63773c6,Thomas,Mitchelle,02/06/1968,GB,male,thomas.mitchelle@example.com,06/02/2022,
E01096,5c94d7fb-6656-4334-96c3-2dec310f8180,Olivia,Wang,16/02/1970,NZ,female,olivia.wang@example.com,07/01/2020,17/09/2020
E01097,,Martha,Hall,16/08/1975,US,female,martha.hall@example.com,28/06/2022,
E01098,,Andrea,Cavazos,23/06/1971,MX,female,andrea.cavazos@example.com,26/01/2020,21/04/2021
E01102,a122ee0a-46d2-47ce-8082-262ec553d1be,Lydia,Bryant,29/07/1976,US,female,lydia.bryant@example.com,28/06/2022,01/07/2022
E01104,,Falan,Prabhakaran,15/11/1977,IN,male,falan.prabhakaran@example.com,19/07/2021,
E01105,4db61ea9-3c48-48e0-8f02-e006c2698bc8,Emilia,Lampinen,16/01/1970,FI,female,emilia.lampinen@example.com,28/10/2021,30/01/2021
E01106,41d575d6-665e-4f15-8117-0dcbe18d20e4,Arron,Neal,27/09/1968,GB,male,arron.neal@example.com,07/02/2022,08/09/2022
E01107,0cd88ef3-1ade-41f8-8c75-f1536e1ee2c5,Katherine,Lawson,10/06/1974,GB,female,katherine.lawson@example.com,25/05/2022,
,80788ee7-10a5-4a03-8ceb-6a3dd2cb9021,Jeanne,Howard,21/09/1977,US,female,jeanne.howard@example.com,15/04/2022,
,7df5a2c1-0848-4781-bc26-d87f143455c4,Svyatogora,Gudziy,31/05/1977,UA,female,svyatogora.gudziy@example.com,05/11/2018,
,6dd340d5-b256-4686-8c6a-ca96346d931f,Gary,Meyer,29/09/1970,GB,male,gary.meyer@example.com,06/03/2023,
E01113,,Chris,Elliott,24/02/1971,US,male,chris.elliott@example.com,17/07/2022,
E01116,25792680-eaaa-4148-b7a2-3c3be9770e59,Tristan,Madsen,06/06/1973,DK,male,tristan.madsen@example.com,04/06/2023,
E01118,2cdaa727-8a2c-473b-bef7-a999c64fc988,Deborah,Howard,02/04/1972,GB,female,deborah.howard@example.com,05/06/2022,01/08/2022
E01122,,Aleksej,Zelenović,29/12/1975,RS,male,aleksej.zelenovic@example.com,11/09/2022,
E01123,,Vernon,Ferguson,07/06/1972,GB,male,vernon.ferguson@example.com,24/06/2019,10/01/2023
,92c14e88-8e3b-40ee-a872-de693a5adf17,Joshua,Bailey,14/02/1965,GB,male,joshua.bailey@example.com,06/02/2022,17/02/2023
,cfc641bc-a7e7-49f1-bf70-9f49d7aa082c,Richard,Porter,20/08/1960,GB,male,richard.porter@example.com,25/03/2023,
E01139,5a5bb7eb-9ba1-45e4-9961-4b4cbd11acbd,Phoebe,Bryant,06/07/1964,GB,female,phoebe.bryant@example.com,15/06/2023,
,507419ca-76b6-4e96-b649-b3634b54551c,Norman,Carpenter,01/11/1966,US,male,norman.carpenter@example.com,25/04/2023,
E01141,edd1549c-b634-4b80-9ee2-8c7fcbf1fea7,Avery,Ellis,09/03/1961,GB,female,avery.ellis@example.com,21/02/2019,07/11/2020
E01147,,Julia,Payne,03/08/1966,GB,female,julia.payne@example.com,24/06/2022,17/12/2022
E01151,ac493e2b-56fd-4180-a301-88ad7676a42e,Norman,Howard,14/11/1960,GB,male,norman.howard@example.com,31/03/2023,21/06/2023
E01152,9b3751cb-3cfa-475b-952a-2401acd45be6,Brittany,Woods,28/10/1966,GB,female,brittany.woods@example.com,30/05/2023,19/06/2023
E01154,0a29f7ca-7bb5-423f-a2ba-7749ea3300ce,Rachel,Wagner,15/07/1963,GB,female,rachel.wagner@example.com,05/09/2020,
E01156,9be5678c-ef83-448f-88bf-8cd37023948d,Tracy,Anderson,30/03/1966,GB,female,tracy.anderson@example.com,25/11/2019,01/12/2019
E01157,dc5e8fc9-d67b-4692-a148-d3664b69f824,Volkan,Erçetin,14/01/1965,TR,male,volkan.ercetin@example.com,01/01/2022,
E01163,ce783dd9-53a8-496c-8d01-c237f1c712ac,Erik,White,16/12/1966,US,male,erik.white@example.com,16/09/2022,
E01164,,Carl,Andersen,02/04/1968,DK,male,carl.andersen@example.com,26/09/2021,
E01167,,Ron,Meyer,28/03/1962,US,male,ron.meyer@example.com,14/08/2018,29/03/2023
E01171,04d215b6-7f4c-4138-8311-1277abdeae0f,Brennan,Clarke,19/09/1962,GB,male,brennan.clarke@example.com,06/08/2022,27/09/2022
E01174,7c215a11-c9e6-467c-893b-2d17f4c8eefd,Erin,Bates,05/08/1960,GB,female,erin.bates@example.com,31/07/2021,06/12/2022
E01177,,Amanda,Henríquez,12/12/1960,MX,female,amanda.henriquez@example.com,18/11/2020,
E01178,,Juan,Montgomery,11/09/1963,GB,male,juan.montgomery@example.com,09/11/2019,24/09/2020
E01179,,Rosemary,Gray,25/03/1964,AU,female,rosemary.gray@example.com,17/12/2020,17/02/2021
E01181,9613d134-7612-412c-9dcc-14642779ffcc,Elaine,Watson,21/08/1960,US,female,elaine.watson@example.com,02/11/2019,01/12/2021
E01184,,Marvin,Collins,17/07/1967,US,male,marvin.collins@example.com,06/10/2020,23/03/2022
E01187,,Kaitlin,Willis,01/04/1967,GB,female,kaitlin.willis@example.com,18/08/2018,13/02/2021
E01190,58caf57d-c050-4ade-9ae0-ed4386421b07,Kathryn,Reid,22/09/1962,US,female,kathryn.reid@example.com,24/07/2021,
E01191,d66e22c6-2ddb-4dc6-a6ff-87f6108108b8,Amy,Oliver,09/10/1965,GB,female,amy.oliver@example.com,18/03/2022,
E01199,41d6c566-f8ff-46e8-ba06-d4ccce655aaf,Dolores,Velasco,30/06/1958,ES,female,dolores.velasco@example.com,11/05/2023,
E01201,a7fd2b54-a5e1-46c6-8751-b3a6bfc9bd97,Maya,Harper,16/12/1965,GB,female,maya.harper@example.com,07/03/2022,
E01202,2d453beb-5c77-4ff6-bbd1-d4ba1a58d896,Richard,Watson,27/04/1965,GB,male,richard.watson@example.com,14/05/2023,
,779a7fbc-6771-4c35-acb5-e581a3797156,Francisco,Stevens,23/03/1962,US,male,francisco.stevens@example.com,14/06/2021,01/07/2022
,018b9e7b-8a49-46f9-ae7c-2519bc86ac10,Maeva,Ross,08/01/1965,CA,female,maeva.ross@example.com,22/01/2021,09/12/2021
E01212,204d97d5-80c5-4a51-8d89-a6d06dd8682e,Wilmer,Fjellestad,15/02/1962,NO,male,wilmer.fjellestad@example.com,27/04/2020,19/08/2019
,798a34bb-3074-4c0c-9075-8ec55a46ae5e,Sarah,Alvarez,03/01/1962,GB,female,sarah.alvarez@example.com,29/07/2022,
E01216,,Alice,Dixon,09/08/1963,GB,female,alice.dixon@example.com,06/11/2019,
E01218,5e2d8a3d-34d4-4c12-84f1-3c882e377e91,Dhanush,Pai,21/08/1963,IN,male,dhanush.pai@example.com,06/11/2022,31/10/2022
E01219,32a83276-1825-4684-aa13-83b0d5855e0f,Hristina,Fedorishin,09/05/1966,UA,female,hristina.fedorishin@example.com,12/06/2023,
E01220,0aa8d755-9af3-494a-99ca-d66b3d46e8d3,Beverly,Jacobs,29/03/1967,US,female,beverly.jacobs@example.com,21/08/2022,16/09/2022
E01224,,Brittany,Ramirez,09/04/1963,GB,female,brittany.ramirez@example.com,10/03/2022,
E01226,,Debbie,Gomez,22/12/1961,GB,female,debbie.gomez@example.com,13/11/2021,
E01228,a70c9975-f4b8-444d-a15a-b0c8cefb2c4f,Ruben,Soto,08/01/1960,GB,male,ruben.soto@example.com,27/04/2023,
E01230,1aa5cd2c-f8ba-42de-81b7-e00f0db7dd3a,Susan,Mills,,GB,female,susan.mills@example.com,13/10/2020,30/05/2021
E01233,,Ratna,Petit,12/01/1960,NL,female,ratna.petit@example.com,02/11/2019,28/07/2022
E01237,cb2fad4e-83a6-451e-aaec-4fb1c13f6a06,Suzy,Obrien,13/10/1958,GB,female,suzy.obrien@example.com,05/03/2023,28/02/2023
E01242,,Hanna,Graves,13/10/1965,GB,female,hanna.graves@example.com,01/08/2022,
,30605230-7200-41e2-bb6b-44fa323c2c26,Andre,Hernandez,29/07/1960,GB,male,andre.hernandez@example.com,16/05/2022,
E01245,,Jon,Clarke,06/12/1963,GB,male,jon.clarke@example.com,01/07/2022,
E01254,69966b99-10b4-4868-8603-356291502c3a,Kyle,Smith,18/04/1967,GB,male,kyle.smith@example.com,04/11/2019,05/02/2020
E01257,,Kaitlin,Bryant,15/12/1962,GB,female,kaitlin.bryant@example.com,26/06/2021,
E01259,aea677b0-793a-41c9-85c2-984b7aa0fae0,Živko,Jović,11/07/1964,RS,male,zivko.jovic@example.com,19/04/2023,
E01260,,Jake,Schmidt,09/05/1966,GB,male,jake.schmidt@example.com,24/01/2021,06/10/2021
E01261,be04a14f-8613-451a-ab5d-a9cc15d33135,Joel,Walli,,FI,male,joel.walli@example.com,26/02/2022,
,439f9eeb-042c-46f4-85ec-ab7292874e1a,Darrell,Jennings,14/08/1967,GB,male,darrell.jennings@example.com,07/06/2022,19/08/2022
E01264,59077e1e-1a93-4b18-9af6-a19331abf251,Derek,Moreno,13/12/1967,GB,male,derek.moreno@example.com,18/06/2023,
E01265,,Kim,Peterson,03/02/1965,GB,female,kim.peterson@example.com,06/03/2023,25/02/2023
E01267,,Maria,Walker,14/05/1966,GB,female,maria.walker@example.com,04/10/2022,28/09/2022
E01277,,Myron,Van 't Zelfde,23/12/1966,NL,male,myron.van'tzelfde@example.com,26/12/2022,26/03/2022
,e5913a1e-6338-4bfc-addf-996bebf636c8,Lili,Schuck,22/02/1962,DE,female,lili.schuck@example.com,14/05/2019,26/02/2022
E01280,e82034ae-f383-485f-a73d-2b452734c50e,Tim,Thomas,02/12/1959,GB,male,tim.thomas@example.com,24/01/2023,27/02/2022
E01281,a79168de-2174-49e8-9eb2-cab264966fc2,Rebecca,Olson,09/09/1967,GB,female,rebecca.olson@example.com,20/10/2020,18/07/2022
E01283,bd6ee73b-ae1d-4318-ad79-4a7f427325b4,Gina,Jacobs,23/10/1963,US,female,gina.jacobs@example.com,28/05/2021,15/06/2021
E01285,ce8775c4-5f0e-462c-b779-41e40433b032,Aiden,Bennett,15/08/1963,GB,male,aiden.bennett@example.com,21/09/2020,16/03/2021
E01286,,Emily,Garcia,28/11/1958,GB,female,emily.garcia@example.com,01/04/2022,
E01291,4d5ff8a9-2ef0-4d32-8a18-32ba86cd58f0,Grace,Mcguinness,16/12/1965,IE,female,grace.mcguinness@example.com,06/10/2021,
E01293,ea6e5cec-ed04-4dfc-8c60-efb3f0061962,Clementina,Novaes,17/10/1965,BR,female,clementina.novaes@example.com,17/03/2023,
E01294,49b4953b-84b3-431e-a86d-fc8638f7c471,Diane,Ward,19/04/1960,GB,female,diane.ward@example.com,31/03/2020,15/04/2020
E01296,,Peng,Tao,27/05/1966,GB,male,Peng.Tao@example.com,05/08/2021,07/10/2022
E01297,47d2d98e-e1f7-4f9d-a4ac-780f0e79d3f2,Donna,Grant,24/07/1966,GB,female,donna.grant@example.com,28/05/2022,03/01/2023
E01298,,Mary,Davies,30/09/1963,IE,female,mary.davies@example.com,12/03/2023,
E01299,,Nemanja,Rakić,29/07/1963,RS,male,nemanja.rakic@example.com,06/12/2022,24/11/2022
,bc71fa3a-04e9-40a3-8a1a-20a63300a47d,Rodney,Elliott,02/01/1965,GB,male,rodney.elliott@example.com,14/03/2023,
E01304,,Joseph,White,04/05/1961,GB,male,joseph.white@example.com,05/05/2022,
,79a5f1ae-b21f-4d11-af03-a9de583ab607,Mia,Mckinney,22/08/1967,US,female,mia.mckinney@example.com,01/05/2023,27/04/2023
E01310,9c2a2596-51db-444c-9f68-73f4a7b5d966,Bernard,Porter,29/07/1965,GB,male,bernard.porter@example.com,04/05/2023,
E01316,39ae92aa-a57e-490e-ae6b-1af76786a37f,Donald,Jones,12/08/1959,GB,male,donald.jones@example.com,18/11/2021,
,7cd3edb4-f74f-4fc5-a5cf-4d8c0b4e8e2b,Johnny,Hamilton,05/11/1965,IE,male,johnny.hamilton@example.com,19/01/2021,21/01/2023
E01327,9760eaf4-0408-4ca2-9107-cbdeb4d72a7f,Alexandra,Sanders,29/09/1965,GB,female,alexandra.sanders@example.com,10/05/2023,
,e0bf2df0-c34c-4b52-92bb-c51fa0540f0d,Nathan,Hanson,01/04/1959,US,male,nathan.hanson@example.com,27/12/2021,15/04/2023
,36a2c1a6-a779-4b96-a4fc-bd015b0f1af5,Francisco,Edwards,03/09/1958,GB,male,francisco.edwards@example.com,03/08/2022,12/10/2022
E01337,d7548a9f-abde-498f-8748-38fb922f20c5,Milton,Jensen,05/07/1960,GB,male,milton.jensen@example.com,22/08/2021,10/01/2022
E01338,1b063ce5-10e5-4d6e-92ae-ac44acdddb9b,Nellie,Romero,08/01/1964,US,female,nellie.romero@example.com,21/05/2019,26/01/2020
,4dae4bb7-2858-4599-b219-62ee59f1ea2a,Eva,Mccoy,29/05/1963,GB,female,eva.mccoy@example.com,10/05/2022,
E01341,,Rosie,Butler,03/11/1962,GB,female,rosie.butler@example.com,03/12/2021,28/12/2021
E01342,b93c00dd-c9b2-46cb-bd0c-6b4f727fc7b3,Lloyd,Gilbert,07/06/1962,GB,male,lloyd.gilbert@example.com,14/01/2023,
,7bdc64df-9705-409b-8f05-0e99e6baef1f,Norman,Butler,12/10/1961,GB,male,norman.butler@example.com,03/02/2021,
E01346,,Holly,Dunn,14/02/1968,GB,female,holly.dunn@example.com,05/10/2021,30/01/2023
E01348,e3d2c9ff-d916-4225-8167-425ab7e3764c,Scarlett,Jenkins,15/05/1966,GB,female,scarlett.jenkins@example.com,12/03/2022,08/04/2022
E01358,58ecc08e-5df3-4e9f-ac30-ce92812fb491,Avery,Wallace,16/09/1958,GB,female,avery.wallace@example.com,23/01/2022,08/03/2023
E01370,1f77123e-7768-4caa-bdef-f3194ecf92b1,Tim,Henderson,14/11/1955,GB,male,tim.henderson@example.com,13/10/2022,30/12/2022
,30108ebd-5d61-4ca9-bdd9-2b2400ba6c89,Allie,Diaz,26/01/1958,GB,female,allie.diaz@example.com,26/08/2021,27/09/2020
E01380,,Veljko,Simić,04/10/1947,RS,male,veljko.simic@example.com,27/01/2022,
E01386,322c7b43-ad8a-49f2-b081-7a1748249461,Marie,Patterson,28/02/1955,GB,female,marie.patterson@example.com,28/06/2022,16/11/2021
,3d32fca2-0292-42c2-a711-ce242e2a4cdc,Chloe,Mitchelle,11/07/1948,GB,female,chloe.mitchelle@example.com,09/05/2020,
E01394,,Vicki,Alexander,20/10/1951,GB,female,vicki.alexander@example.com,20/11/2021,22/08/2022
,f305c860-a32b-49ca-a6ab-e6cc6a00e655,Owen,Mason,22/12/1952,GB,male,owen.mason@example.com,16/04/2020,09/12/2020
,42ce428f-3c99-424b-98d2-ec4896e94d3a,Kazutaka,Ozaki,25/04/1957,GB,male,Kazutaka.Ozaki@example.com,11/11/2019,
E01402,e43c6893-6da8-4918-96b9-19ae6ede47ac,Jur,Kiliç,08/09/1950,NL,male,jur.kilic@example.com,26/11/2019,20/12/2018
E01405,,Amy,Mcdonalid,06/03/1949,GB,female,amy.mcdonalid@example.com,15/09/2022,02/05/2023
E01406,,Zhi,Tsao,16/11/1947,GB,female,Zhi.Tsao@example.com,07/06/2020,07/07/2021
E01408,,Dustin,Cooper,05/09/1949,GB,male,dustin.cooper@example.com,28/06/2021,18/04/2023
E01411,4788776f-6c29-430f-a54b-99b43d7a8f8b,Clyde,Robinson,29/07/1957,GB,male,clyde.robinson@example.com,23/09/2019,15/04/2021
E01412,,Ida,Møller,26/12/1946,DK,female,ida.moller@example.com,29/08/2018,03/03/2019
E01414,,Anne,Roberts,15/10/1957,US,female,anne.roberts@example.com,23/10/2021,06/08/2022
E01417,f48809af-a788-4839-b709-df404836e8d4,Izzie,Duncan,11/03/1954,GB,female,izzie.duncan@example.com,08/02/2023,24/03/2023
,823b9561-cc8b-4aee-8ecb-042b1392c3af,Sheryl,Barnes,29/11/1947,GB,female,sheryl.barnes@example.com,01/03/2022,28/05/2022
,0ffbe7ac-580f-4c36-803b-1abd7e18d736,Ashley,Simpson,31/03/1949,GB,female,ashley.simpson@example.com,11/02/2023,
E01421,b4c6f97b-41ec-4bd7-bcc2-a6e03bb67b70,Olivia,Mendoza,24/10/1946,US,female,olivia.mendoza@example.com,21/05/2019,09/06/2020
,7b649d2d-b337-4e56-a948-b9fa147a2bff,Marion,Beck,11/09/1957,GB,male,marion.beck@example.com,14/11/2019,
E01424,,Jesus,Bishop,09/01/1946,GB,male,jesus.bishop@example.com,08/11/2020,19/05/2021
E01427,05f79025-3ee7-4caa-bcee-4b31d6f6923c,Kim,Barnett,18/05/1958,GB,female,kim.barnett@example.com,09/05/2023,
E01430,,Teresa,Powell,16/06/1956,GB,female,teresa.powell@example.com,23/04/2023,
,734991a5-9921-4b47-bccc-c36e06927e59,Arthur,Wang,27/03/1954,NZ,male,arthur.wang@example.com,29/10/2021,28/12/2022
E01439,296847e7-82c6-49ea-b59b-001c3e29bf9b,Naja,Madsen,23/09/1946,DK,female,naja.madsen@example.com,13/07/2021,11/10/2021
E01440,26774a2e-7d97-4b8b-95ea-8156d6888c12,Rebecca,Sims,20/02/1945,GB,female,rebecca.sims@example.com,10/05/2023,
E01443,4198f751-4230-4cb6-ba27-29d0b4169761,Alida,Köller,28/10/1957,DE,female,alida.koller@example.com,06/06/2023,
E01453,,Russell,Byrd,29/01/1945,GB,male,russell.byrd@example.com,11/03/2021,10/10/2022
E01454,,Mahé,Bourgeois,16/06/1951,FR,male,mahe.bourgeois@example.com,27/11/2021,21/02/2022
E01455,e62babdf-e4ad-4661-95c6-ae1d1f7b96f0,Cody,Miller,22/12/1952,GB,male,cody.miller@example.com,11/09/2020,25/05/2021
E01456,c4cb1ab7-dc81-4f4f-a911-ea806e6c000c,Flenn,Terry,16/11/1953,GB,male,flenn.terry@example.com,19/03/2023,
,fc4b039d-69b6-4e6d-9e7b-047be57f683a,Sara,Vincent,13/04/1956,FR,female,sara.vincent@example.com,04/11/2019,24/03/2021
,0f322a60-7ea0-49bc-a5fa-7e46ea8d165c,Leslie,Hunt,03/09/1949,US,male,leslie.hunt@example.com,08/01/2023,28/03/2023
E01466,,Franka,Toonen,15/06/1946,NL,female,franka.toonen@example.com,24/02/2021,
,7af42bd2-2c49-4d6d-bbfa-d5b4752c4c09,Sharron,Berry,07/03/1951,IE,female,sharron.berry@example.com,12/06/2020,
,39ff49f9-bfc5-46b3-8de9-60afa154e9a7,Sarah,Baker,20/05/1955,GB,female,sarah.baker@example.com,24/01/2023,18/02/2022
E01482,1070a7cf-677b-4d13-ace7-3a9aec32a274,Kim,White,18/10/1950,GB,female,kim.white@example.com,28/08/2019,27/01/2023
E01484,,Willie,Burton,14/02/1955,GB,male,willie.burton@example.com,18/11/2019,20/09/2022
E01487,854f13d9-874d-4ff4-963d-18f0625db1cd,Tracy,Evans,17/08/1955,GB,male,tracy.evans@example.com,01/02/2023,29/01/2023
E01489,,Predrag,Rajković,03/08/1948,RS,male,predrag.rajkovic@example.com,09/07/2020,05/07/2022
E01491,,Elif,Haugum,19/07/1951,NO,female,elif.haugum@example.com,04/01/2022,19/08/2022
E01495,,Roberto,Shaw,22/09/1954,GB,male,roberto.shaw@example.com,25/02/2021,18/07/2022
E01496,a8fed9c5-bc78-41ca-a775-73615ae4d723,Benjamin,Smith,26/06/1946,US,male,benjamin.smith@example.com,15/10/2020,29/03/2021
E01497,696722bd-4ba4-4e31-a6ca-f438a3cf7ddf,Lylou,Rolland,01/08/1957,FR,female,lylou.rolland@example.com,06/08/2021,
E01502,,Alison,Byrd,25/10/1948,GB,female,alison.byrd@example.com,20/11/2019,31/10/2020
,c8498148-94e6-4018-9545-5348346da284,Alex,Bell,14/08/1948,GB,female,alex.bell@example.com,13/03/2021,16/10/2021
E01507,c10a2497-f13b-4161-a0b9-1c6cfcdeb0df,Megan,May,25/08/1947,GB,female,megan.may@example.com,30/06/2023,
E01510,,Andrea,Meyer,03/10/1957,US,female,andrea.meyer@example.com,26/04/2023,
E01511,,Stanley,Montgomery,16/06/1956,GB,male,stanley.montgomery@example.com,27/03/2022,21/01/2023
E01514,8a3ad32b-ad80-4b33-b246-4396d9eeffb0,Melvin,Williams,28/12/1947,GB,male,melvin.williams@example.com,03/03/2023,
E01522,fa3d652f-b03e-40c6-a43a-cf8cc16e5867,Heather,Morgan,26/10/1946,GB,female,heather.morgan@example.com,03/12/2022,16/01/2023
,22e7b134-44d5-480f-81de-77acd5a9a4d5,Darrell,Little,10/12/1946,GB,male,darrell.little@example.com,28/02/2019,18/06/2020
E01524,,Hui,Mai,05/05/1950,GB,female,Hui.Mai@example.com,06/05/2021,
